"Source","Link"
"affiliate-tools.html","${a.url}"
"all-courses-backup-20260923-094639.html","' + item.key + '-course.html"
"all-courses-backup-20260923-094639.html","' + S.course + '"
"all-courses-backup-20260923-094639.html","' + S.cert + '"
"all-courses-backup-20260923-094639.html","' + S.print + '"
"assignment-review.html","' + esc(r.video_url) + '"
"bakery-business.html","bakery-course.html"
"bakery-business.html","bakery-course.html"
"bakery-business.html","bakery-module-1.html"
"bakery-business.html","bakery-module-1.html"
"bakery-business.html","bakery-course.html"
"bee-farming-business.html","bee-farming-course.html"
"bee-farming-business.html","bee-farming-course.html"
"bee-farming-business.html","bee-farming-module-1.html"
"bee-farming-business.html","bee-farming-module-1.html"
"bee-farming-business.html","bee-farming-course.html"
"beef-farming-business.html","beef-farming-course.html"
"beef-farming-business.html","beef-farming-course.html"
"beef-farming-business.html","beef-farming-module-1.html"
"beef-farming-business.html","beef-farming-module-1.html"
"beef-farming-business.html","beef-farming-course.html"
"beehive-building-brick.html","beehive-building-brick-module-1.html"
"beehive-building-brick.html","beehive-building-brick-module-2.html"
"beehive-building-brick.html","beehive-building-brick-module-3.html"
"beehive-building-brick.html","beehive-building-brick-module-4.html"
"beehive-building-brick.html","beehive-building-brick-module-5.html"
"beehive-building-brick.html","beehive-building-brick-module-6.html"
"beehive-building-brick.html","beehive-building-brick-module-7.html"
"beehive-building-brick.html","beehive-building-brick-module-8.html"
"beehive-building-brick.html","beehive-building-brick-module-9.html"
"beehive-building-brick.html","beehive-building-brick-module-10.html"
"beehive-building-brick.html","beehive-building-brick-module-11.html"
"beehive-building-brick.html","beehive-building-brick-module-12.html"
"beehive-building-brick.html","beehive-building-brick-module-1.html"
"beehive-building-wood.html","beehive-building-wood-module-1.html"
"beehive-building-wood.html","beehive-building-wood-module-2.html"
"beehive-building-wood.html","beehive-building-wood-module-3.html"
"beehive-building-wood.html","beehive-building-wood-module-4.html"
"beehive-building-wood.html","beehive-building-wood-module-5.html"
"beehive-building-wood.html","beehive-building-wood-module-6.html"
"beehive-building-wood.html","beehive-building-wood-module-7.html"
"beehive-building-wood.html","beehive-building-wood-module-8.html"
"beehive-building-wood.html","beehive-building-wood-module-9.html"
"beehive-building-wood.html","beehive-building-wood-module-10.html"
"beehive-building-wood.html","beehive-building-wood-module-11.html"
"beehive-building-wood.html","beehive-building-wood-module-12.html"
"beehive-building-wood.html","beehive-building-wood-module-1.html"
"broiler-layers-feed-business.html","broiler-layers-feed-course.html"
"broiler-layers-feed-business.html","broiler-layers-feed-course.html"
"broiler-layers-feed-business.html","broiler-layers-feed-module-1.html"
"broiler-layers-feed-business.html","broiler-layers-feed-module-1.html"
"broiler-layers-feed-business.html","broiler-layers-feed-course.html"
"butchery-business.html","butchery-course.html"
"butchery-business.html","butchery-course.html"
"butchery-business.html","butchery-module-1.html"
"butchery-business.html","butchery-module-1.html"
"butchery-business.html","butchery-course.html"
"c-0072d575.html","how-to-start-a-business-course.html"
"c-0072d575.html","mushroom-seed-production-course.html"
"c-0072d575.html","brick-making-business-banking-course.html"
"c-0072d575.html","engine-fundamentals-course.html"
"c-0072d575.html","engine-to-irrigation-pump-course.html"
"c-0072d575.html","barbering-grooming-course.html"
"c-0072d575.html","hair-salon-beauty-course.html"
"c-0072d575.html","social-media-influencer-course.html"
"c-0072d575.html","dj-event-entertainment-course.html"
"c-0072d575.html","agricultural-produce-sourcing-course.html"
"c-0072d575.html","sourcing-reselling-course.html"
"c-0072d575.html","basic-first-aid-course.html"
"c-0072d575.html","massage-spa-home-course.html"
"c-0072d575.html","errands-personal-assistant-course.html"
"c-0072d575.html","crisis-response-underserved-course.html"
"c-0072d575.html","home-office-cleaning-course.html"
"c-0072d575.html","car-washing-detailing-course.html"
"c-0072d575.html","pest-control-basic-course.html"
"c-0072d575.html","event-services-course.html"
"c-0072d575.html","recycling-green-business-course.html"
"c-0072d575.html","transport-logistics-course.html"
"c-0072d575.html","herbal-skincare-products-course.html"
"c-0072d575.html","education-training-business-course.html"
"c-0072d575.html","small-kiosk-tuck-shop-course.html"
"c-0072d575.html","reselling-social-media-course.html"
"c-0072d575.html","tech-digital-services-course.html"
"c-0072d575.html","thrift-shop-okrika-course.html"
"c-0072d575.html","home-based-catering-course.html"
"c-0072d575.html","maximise-1-hectare-vegetables-course.html"
"c-0072d575.html","snail-farming-course.html"
"c-0072d575.html","seedling-nursery-farmers-course.html"
"c-0072d575.html","fortified-corn-soy-porridge-course.html"
"c-163a34d6.html","engine-fundamentals-course.html"
"c-163a34d6.html","engine-to-irrigation-pump-course.html"
"c-163a34d6.html","barbering-grooming-course.html"
"c-163a34d6.html","hair-salon-beauty-course.html"
"c-163a34d6.html","social-media-influencer-course.html"
"c-163a34d6.html","dj-event-entertainment-course.html"
"c-163a34d6.html","agricultural-produce-sourcing-course.html"
"c-163a34d6.html","sourcing-reselling-course.html"
"c-163a34d6.html","basic-first-aid-course.html"
"c-163a34d6.html","massage-spa-home-course.html"
"c-163a34d6.html","errands-personal-assistant-course.html"
"c-163a34d6.html","crisis-response-underserved-course.html"
"c-163a34d6.html","home-office-cleaning-course.html"
"c-163a34d6.html","car-washing-detailing-course.html"
"c-163a34d6.html","pest-control-basic-course.html"
"c-163a34d6.html","event-services-course.html"
"c-163a34d6.html","recycling-green-business-course.html"
"c-163a34d6.html","transport-logistics-course.html"
"c-163a34d6.html","herbal-skincare-products-course.html"
"c-163a34d6.html","education-training-business-course.html"
"c-163a34d6.html","small-kiosk-tuck-shop-course.html"
"c-163a34d6.html","reselling-social-media-course.html"
"c-163a34d6.html","tech-digital-services-course.html"
"c-163a34d6.html","thrift-shop-okrika-course.html"
"c-163a34d6.html","home-based-catering-course.html"
"c-163a34d6.html","maximise-1-hectare-vegetables-course.html"
"c-163a34d6.html","snail-farming-course.html"
"c-163a34d6.html","seedling-nursery-farmers-course.html"
"c-163a34d6.html","fortified-corn-soy-porridge-course.html"
"c-39541d32.html","barbering-grooming-course.html"
"c-39541d32.html","hair-salon-beauty-course.html"
"c-39541d32.html","social-media-influencer-course.html"
"c-39541d32.html","dj-event-entertainment-course.html"
"c-39541d32.html","agricultural-produce-sourcing-course.html"
"c-39541d32.html","sourcing-reselling-course.html"
"c-39541d32.html","basic-first-aid-course.html"
"c-39541d32.html","massage-spa-home-course.html"
"c-39541d32.html","errands-personal-assistant-course.html"
"c-39541d32.html","crisis-response-underserved-course.html"
"c-39541d32.html","home-office-cleaning-course.html"
"c-39541d32.html","car-washing-detailing-course.html"
"c-39541d32.html","pest-control-basic-course.html"
"c-39541d32.html","event-services-course.html"
"c-39541d32.html","recycling-green-business-course.html"
"c-39541d32.html","transport-logistics-course.html"
"c-39541d32.html","herbal-skincare-products-course.html"
"c-39541d32.html","education-training-business-course.html"
"c-39541d32.html","small-kiosk-tuck-shop-course.html"
"c-39541d32.html","reselling-social-media-course.html"
"c-39541d32.html","tech-digital-services-course.html"
"c-39541d32.html","thrift-shop-okrika-course.html"
"c-39541d32.html","home-based-catering-course.html"
"c-39541d32.html","maximise-1-hectare-vegetables-course.html"
"c-39541d32.html","snail-farming-course.html"
"c-39541d32.html","seedling-nursery-farmers-course.html"
"c-39541d32.html","fortified-corn-soy-porridge-course.html"
"c-3db1031d.html","how-to-start-a-business-course.html"
"c-3db1031d.html","mushroom-seed-production-course.html"
"c-3db1031d.html","brick-making-business-banking-course.html"
"c-3db1031d.html","engine-fundamentals-course.html"
"c-3db1031d.html","engine-to-irrigation-pump-course.html"
"c-3db1031d.html","barbering-grooming-course.html"
"c-3db1031d.html","hair-salon-beauty-course.html"
"c-3db1031d.html","social-media-influencer-course.html"
"c-3db1031d.html","dj-event-entertainment-course.html"
"c-3db1031d.html","agricultural-produce-sourcing-course.html"
"c-3db1031d.html","sourcing-reselling-course.html"
"c-3db1031d.html","basic-first-aid-course.html"
"c-3db1031d.html","massage-spa-home-course.html"
"c-3db1031d.html","errands-personal-assistant-course.html"
"c-3db1031d.html","crisis-response-underserved-course.html"
"c-3db1031d.html","home-office-cleaning-course.html"
"c-3db1031d.html","car-washing-detailing-course.html"
"c-3db1031d.html","pest-control-basic-course.html"
"c-3db1031d.html","event-services-course.html"
"c-3db1031d.html","recycling-green-business-course.html"
"c-3db1031d.html","transport-logistics-course.html"
"c-3db1031d.html","herbal-skincare-products-course.html"
"c-3db1031d.html","education-training-business-course.html"
"c-3db1031d.html","small-kiosk-tuck-shop-course.html"
"c-3db1031d.html","reselling-social-media-course.html"
"c-3db1031d.html","tech-digital-services-course.html"
"c-3db1031d.html","thrift-shop-okrika-course.html"
"c-3db1031d.html","home-based-catering-course.html"
"c-3db1031d.html","maximise-1-hectare-vegetables-course.html"
"c-3db1031d.html","snail-farming-course.html"
"c-3db1031d.html","seedling-nursery-farmers-course.html"
"c-3db1031d.html","fortified-corn-soy-porridge-course.html"
"c-50c674ac.html","bakery-course.html"
"c-50c674ac.html","bee-farming-course.html"
"c-50c674ac.html","beef-farming-course.html"
"c-50c674ac.html","broiler-layers-feed-course.html"
"c-50c674ac.html","butchery-course.html"
"c-50c674ac.html","cassava-farming-course.html"
"c-50c674ac.html","cat-breeding-course.html"
"c-50c674ac.html","cattle-farming-course.html"
"c-50c674ac.html","cattle-steer-feed-course.html"
"c-50c674ac.html","dairy-production-course.html"
"c-50c674ac.html","dog-breeding-course.html"
"c-50c674ac.html","dog-cat-feed-course.html"
"c-50c674ac.html","engine-to-irrigation-pump-course.html"
"c-50c674ac.html","fish-feed-course.html"
"c-50c674ac.html","fortified-corn-soy-porridge-course.html"
"c-50c674ac.html","goat-farming-course.html"
"c-50c674ac.html","guinea-quail-farming-course.html"
"c-50c674ac.html","horse-breeding-course.html"
"c-50c674ac.html","leather-working-course.html"
"c-50c674ac.html","mushroom-farming-course.html"
"c-50c674ac.html","rice-farming-course.html"
"c-50c674ac.html","sheep-farming-course.html"
"c-50c674ac.html","engine-fundamentals-course.html"
"c-50c674ac.html","sorghum-millet-farming-course.html"
"c-50c674ac.html","vegetable-production-course.html"
"c-50c674ac.html","sweet-potato-farming-course.html"
"c-50c674ac.html","beans-legumes-farming-course.html"
"c-50c674ac.html","groundnut-farming-course.html"
"c-50c674ac.html","irish-potato-farming-course.html"
"c-50c674ac.html","yam-farming-course.html"
"c-50c674ac.html","soybean-farming-course.html"
"c-50c674ac.html","wheat-barley-farming-course.html"
"c-50c674ac.html","pig-farming-course.html"
"c-50c674ac.html","pig-feed-course.html"
"c-50c674ac.html","bakery-course.html"
"c-50c674ac.html","bee-farming-course.html"
"c-50c674ac.html","beef-farming-course.html"
"c-50c674ac.html","broiler-layers-feed-course.html"
"c-50c674ac.html","butchery-course.html"
"c-50c674ac.html","cassava-farming-course.html"
"c-50c674ac.html","cat-breeding-course.html"
"c-50c674ac.html","cattle-farming-course.html"
"c-50c674ac.html","cattle-steer-feed-course.html"
"c-50c674ac.html","dairy-production-course.html"
"c-50c674ac.html","dog-breeding-course.html"
"c-50c674ac.html","dog-cat-feed-course.html"
"c-50c674ac.html","engine-to-irrigation-pump-course.html"
"c-50c674ac.html","fish-feed-course.html"
"c-50c674ac.html","fortified-corn-soy-porridge-course.html"
"c-50c674ac.html","goat-farming-course.html"
"c-50c674ac.html","guinea-quail-farming-course.html"
"c-50c674ac.html","horse-breeding-course.html"
"c-50c674ac.html","leather-working-course.html"
"c-50c674ac.html","mushroom-farming-course.html"
"c-50c674ac.html","rice-farming-course.html"
"c-50c674ac.html","sheep-farming-course.html"
"c-50c674ac.html","engine-fundamentals-course.html"
"c-50c674ac.html","sorghum-millet-farming-course.html"
"c-50c674ac.html","vegetable-production-course.html"
"c-50c674ac.html","sweet-potato-farming-course.html"
"c-50c674ac.html","beans-legumes-farming-course.html"
"c-50c674ac.html","groundnut-farming-course.html"
"c-50c674ac.html","irish-potato-farming-course.html"
"c-50c674ac.html","yam-farming-course.html"
"c-50c674ac.html","soybean-farming-course.html"
"c-50c674ac.html","wheat-barley-farming-course.html"
"c-50c674ac.html","pig-farming-course.html"
"c-50c674ac.html","pig-feed-course.html"
"c-50c674ac.html","bakery-course.html"
"c-50c674ac.html","bee-farming-course.html"
"c-50c674ac.html","beef-farming-course.html"
"c-50c674ac.html","broiler-layers-feed-course.html"
"c-50c674ac.html","butchery-course.html"
"c-50c674ac.html","cassava-farming-course.html"
"c-50c674ac.html","cat-breeding-course.html"
"c-50c674ac.html","cattle-farming-course.html"
"c-50c674ac.html","cattle-steer-feed-course.html"
"c-50c674ac.html","dairy-production-course.html"
"c-50c674ac.html","dog-breeding-course.html"
"c-50c674ac.html","dog-cat-feed-course.html"
"c-50c674ac.html","engine-to-irrigation-pump-course.html"
"c-50c674ac.html","fish-feed-course.html"
"c-50c674ac.html","fortified-corn-soy-porridge-course.html"
"c-50c674ac.html","goat-farming-course.html"
"c-50c674ac.html","guinea-quail-farming-course.html"
"c-50c674ac.html","horse-breeding-course.html"
"c-50c674ac.html","leather-working-course.html"
"c-50c674ac.html","mushroom-farming-course.html"
"c-50c674ac.html","rice-farming-course.html"
"c-50c674ac.html","sheep-farming-course.html"
"c-50c674ac.html","engine-fundamentals-course.html"
"c-50c674ac.html","sorghum-millet-farming-course.html"
"c-50c674ac.html","vegetable-production-course.html"
"c-50c674ac.html","sweet-potato-farming-course.html"
"c-50c674ac.html","beans-legumes-farming-course.html"
"c-50c674ac.html","groundnut-farming-course.html"
"c-50c674ac.html","irish-potato-farming-course.html"
"c-50c674ac.html","yam-farming-course.html"
"c-50c674ac.html","soybean-farming-course.html"
"c-50c674ac.html","wheat-barley-farming-course.html"
"c-50c674ac.html","pig-farming-course.html"
"c-50c674ac.html","pig-feed-course.html"
"c-8d5d74ab.html","how-to-start-a-business-course.html"
"c-8d5d74ab.html","mushroom-seed-production-course.html"
"c-8d5d74ab.html","brick-making-business-banking-course.html"
"c-8d5d74ab.html","engine-fundamentals-course.html"
"c-8d5d74ab.html","engine-to-irrigation-pump-course.html"
"c-8d5d74ab.html","barbering-grooming-course.html"
"c-8d5d74ab.html","hair-salon-beauty-course.html"
"c-8d5d74ab.html","social-media-influencer-course.html"
"c-8d5d74ab.html","dj-event-entertainment-course.html"
"c-8d5d74ab.html","agricultural-produce-sourcing-course.html"
"c-8d5d74ab.html","sourcing-reselling-course.html"
"c-8d5d74ab.html","basic-first-aid-course.html"
"c-8d5d74ab.html","massage-spa-home-course.html"
"c-8d5d74ab.html","errands-personal-assistant-course.html"
"c-8d5d74ab.html","crisis-response-underserved-course.html"
"c-8d5d74ab.html","home-office-cleaning-course.html"
"c-8d5d74ab.html","car-washing-detailing-course.html"
"c-8d5d74ab.html","pest-control-basic-course.html"
"c-8d5d74ab.html","event-services-course.html"
"c-8d5d74ab.html","recycling-green-business-course.html"
"c-8d5d74ab.html","transport-logistics-course.html"
"c-8d5d74ab.html","herbal-skincare-products-course.html"
"c-8d5d74ab.html","education-training-business-course.html"
"c-8d5d74ab.html","small-kiosk-tuck-shop-course.html"
"c-8d5d74ab.html","reselling-social-media-course.html"
"c-8d5d74ab.html","tech-digital-services-course.html"
"c-8d5d74ab.html","thrift-shop-okrika-course.html"
"c-8d5d74ab.html","home-based-catering-course.html"
"c-8d5d74ab.html","maximise-1-hectare-vegetables-course.html"
"c-8d5d74ab.html","snail-farming-course.html"
"c-8d5d74ab.html","seedling-nursery-farmers-course.html"
"c-8d5d74ab.html","fortified-corn-soy-porridge-course.html"
"c-e9935844.html","how-to-start-a-business-course.html"
"c-eb727176.html","how-to-start-a-business-course.html"
"c-eb727176.html","mushroom-seed-production-course.html"
"c-eb727176.html","brick-making-business-banking-course.html"
"c-eb727176.html","engine-fundamentals-course.html"
"c-eb727176.html","engine-to-irrigation-pump-course.html"
"c-eb727176.html","barbering-grooming-course.html"
"c-eb727176.html","hair-salon-beauty-course.html"
"c-eb727176.html","social-media-influencer-course.html"
"c-eb727176.html","dj-event-entertainment-course.html"
"c-eb727176.html","agricultural-produce-sourcing-course.html"
"c-eb727176.html","sourcing-reselling-course.html"
"c-eb727176.html","basic-first-aid-course.html"
"c-eb727176.html","massage-spa-home-course.html"
"c-eb727176.html","errands-personal-assistant-course.html"
"c-eb727176.html","crisis-response-underserved-course.html"
"c-eb727176.html","home-office-cleaning-course.html"
"c-eb727176.html","car-washing-detailing-course.html"
"c-eb727176.html","pest-control-basic-course.html"
"c-eb727176.html","event-services-course.html"
"c-eb727176.html","recycling-green-business-course.html"
"c-eb727176.html","transport-logistics-course.html"
"c-eb727176.html","herbal-skincare-products-course.html"
"c-eb727176.html","education-training-business-course.html"
"c-eb727176.html","small-kiosk-tuck-shop-course.html"
"c-eb727176.html","reselling-social-media-course.html"
"c-eb727176.html","tech-digital-services-course.html"
"c-eb727176.html","thrift-shop-okrika-course.html"
"c-eb727176.html","home-based-catering-course.html"
"c-eb727176.html","maximise-1-hectare-vegetables-course.html"
"c-eb727176.html","snail-farming-course.html"
"c-eb727176.html","seedling-nursery-farmers-course.html"
"c-eb727176.html","fortified-corn-soy-porridge-course.html"
"c-f0462a44.html","fortified-corn-soy-porridge-course.html"
"cassava-farming-business.html","cassava-farming-course.html"
"cassava-farming-business.html","cassava-farming-course.html"
"cassava-farming-business.html","cassava-farming-module-1.html"
"cassava-farming-business.html","cassava-farming-module-1.html"
"cassava-farming-business.html","cassava-farming-course.html"
"cat-breeding-business.html","cat-breeding-course.html"
"cat-breeding-business.html","cat-breeding-course.html"
"cat-breeding-business.html","cat-breeding-module-1.html"
"cat-breeding-business.html","cat-breeding-module-1.html"
"cat-breeding-business.html","cat-breeding-course.html"
"cattle-farming-business.html","cattle-farming-course.html"
"cattle-farming-business.html","cattle-farming-course.html"
"cattle-farming-business.html","cattle-farming-module-1.html"
"cattle-farming-business.html","cattle-farming-module-1.html"
"cattle-farming-business.html","cattle-farming-course.html"
"cattle-steer-feed-business.html","cattle-steer-feed-course.html"
"cattle-steer-feed-business.html","cattle-steer-feed-course.html"
"cattle-steer-feed-business.html","cattle-steer-feed-module-1.html"
"cattle-steer-feed-business.html","cattle-steer-feed-module-1.html"
"cattle-steer-feed-business.html","cattle-steer-feed-course.html"
"cold-room-10-beasts.html","cold-room-10-beasts-module-1.html"
"cold-room-10-beasts.html","cold-room-10-beasts-module-2.html"
"cold-room-10-beasts.html","cold-room-10-beasts-module-3.html"
"cold-room-10-beasts.html","cold-room-10-beasts-module-4.html"
"cold-room-10-beasts.html","cold-room-10-beasts-module-5.html"
"cold-room-10-beasts.html","cold-room-10-beasts-module-6.html"
"cold-room-10-beasts.html","cold-room-10-beasts-module-7.html"
"cold-room-10-beasts.html","cold-room-10-beasts-module-8.html"
"cold-room-10-beasts.html","cold-room-10-beasts-module-9.html"
"cold-room-10-beasts.html","cold-room-10-beasts-module-10.html"
"cold-room-10-beasts.html","cold-room-10-beasts-module-11.html"
"cold-room-10-beasts.html","cold-room-10-beasts-module-12.html"
"cold-room-10-beasts.html","cold-room-10-beasts-module-1.html"
"course-backup-20260922-072109.html","' + courseInfoUrl + '"
"course-info-backup-20260920-004032.html","' + S.course + '"
"course-info-backup-20260920-004032.html","' + S.cert + '"
"course-info-backup-20260920-004032.html","' + S.print + '"
"course-info-backup-20260922-141824.html","' + S.course + '"
"course-info-backup-20260922-141824.html","' + S.cert + '"
"course-info-backup-20260922-141824.html","' + S.print + '"
"course-info-new.html","' + S.course + '"
"course-info-new.html","' + S.cert + '"
"course-info-new.html","' + S.print + '"
"course-info.html","' + S.course + '"
"course-info.html","' + S.cert + '"
"course-info.html","' + S.print + '"
"course.html","' + courseInfoUrl + '"
"dairy-production-business.html","dairy-production-course.html"
"dairy-production-business.html","dairy-production-course.html"
"dairy-production-business.html","dairy-production-module-1.html"
"dairy-production-business.html","dairy-production-module-1.html"
"dairy-production-business.html","dairy-production-course.html"
"dashboard.html","${coursePage}"
"deepseek_html_20260909_7ce4a8.html","style.css"
"deepseek_html_20260909_7ce4a8.html","soap-making-module-1.html"
"deepseek_html_20260909_7ce4a8.html","soap-making-module-2.html"
"deepseek_html_20260909_7ce4a8.html","soap-making-module-3.html"
"deepseek_html_20260909_7ce4a8.html","soap-making-module-4.html"
"deepseek_html_20260909_7ce4a8.html","soap-making-module-5.html"
"deepseek_html_20260909_7ce4a8.html","soap-making-module-6.html"
"deepseek_html_20260909_7ce4a8.html","soap-making-module-7.html"
"deepseek_html_20260909_7ce4a8.html","soap-making-module-8.html"
"deepseek_html_20260909_7ce4a8.html","soap-making-module-9.html"
"deepseek_html_20260909_7ce4a8.html","soap-making-module-10.html"
"deepseek_html_20260909_7ce4a8.html","soap-making-module-11.html"
"deepseek_html_20260909_7ce4a8.html","soap-making-module-12.html"
"deepseek_html_20260909_a3e726.html","style.css"
"deepseek_html_20260909_cd5e62.html","style.css"
"deepseek_html_20260909_cd5e62.html","charcoal-types-course-module-1.html"
"deepseek_html_20260909_cd5e62.html","charcoal-types-course-module-2.html"
"deepseek_html_20260909_cd5e62.html","charcoal-types-course-module-3.html"
"deepseek_html_20260909_cd5e62.html","charcoal-types-course-module-4.html"
"deepseek_html_20260909_cd5e62.html","charcoal-types-course-module-5.html"
"deepseek_html_20260909_cd5e62.html","charcoal-types-course-module-6.html"
"deepseek_html_20260909_cd5e62.html","charcoal-types-course-module-7.html"
"deepseek_html_20260909_cd5e62.html","charcoal-types-course-module-8.html"
"deepseek_html_20260909_cd5e62.html","charcoal-types-course-module-9.html"
"deepseek_html_20260909_cd5e62.html","charcoal-types-course-module-10.html"
"deepseek_html_20260909_cd5e62.html","charcoal-types-course-module-11.html"
"deepseek_html_20260909_cd5e62.html","charcoal-types-course-module-12.html"
"deepseek_html_20260909_f914d7 (3).html","bakery-lessons.html"
"deepseek_html_20260909_f914d7 (3).html","butchery-lessons.html"
"deepseek_html_20260909_f914d7 (3).html","bee-farming-lessons.html"
"deepseek_html_20260909_f914d7 (3).html","mushroom-farming-lessons.html"
"deepseek_html_20260909_f914d7 (3).html","cassava-farming-lessons.html"
"deepseek_html_20260909_f914d7 (3).html","dairy-production-lessons.html"
"deepseek_html_20260909_f914d7 (3).html","cattle-farming-lessons.html"
"deepseek_html_20260909_f914d7 (3).html","leather-working-lessons.html"
"deepseek_html_20260909_f914d7 (3).html","jam-making-lessons.html"
"deepseek_html_20260909_f914d7 (3).html","spices-course-lessons.html"
"deepseek_html_20260909_f914d7 (3).html","soap-making-lessons.html"
"deepseek_html_20260909_f914d7 (3).html","charcoal-types-course-lessons.html"
"dog-breeding-business.html","dog-breeding-course.html"
"dog-breeding-business.html","dog-breeding-course.html"
"dog-breeding-business.html","dog-breeding-module-1.html"
"dog-breeding-business.html","dog-breeding-module-1.html"
"dog-breeding-business.html","dog-breeding-course.html"
"dog-cat-feed-business.html","dog-cat-feed-course.html"
"dog-cat-feed-business.html","dog-cat-feed-course.html"
"dog-cat-feed-business.html","dog-cat-feed-module-1.html"
"dog-cat-feed-business.html","dog-cat-feed-module-1.html"
"dog-cat-feed-business.html","dog-cat-feed-course.html"
"engine-fundamentals-business.html","engine-fundamentals-course.html"
"engine-fundamentals-business.html","engine-fundamentals-course.html"
"engine-fundamentals-business.html","engine-fundamentals-module-1.html"
"engine-fundamentals-business.html","engine-fundamentals-module-1.html"
"engine-fundamentals-business.html","engine-fundamentals-course.html"
"engine-to-irrigation-pump-business.html","engine-to-irrigation-pump-course.html"
"engine-to-irrigation-pump-business.html","engine-to-irrigation-pump-course.html"
"engine-to-irrigation-pump-business.html","engine-to-irrigation-pump-module-1.html"
"engine-to-irrigation-pump-business.html","engine-to-irrigation-pump-module-1.html"
"engine-to-irrigation-pump-business.html","engine-to-irrigation-pump-course.html"
"enroll.html","auth-system.js"
"enroll.html","enrollment-system.js"
"fish-feed-business.html","fish-feed-course.html"
"fish-feed-business.html","fish-feed-course.html"
"fish-feed-business.html","fish-feed-module-1.html"
"fish-feed-business.html","fish-feed-module-1.html"
"fish-feed-business.html","fish-feed-course.html"
"fortified-corn-soy-porridge-business.html","fortified-corn-soy-porridge-course.html"
"fortified-corn-soy-porridge-business.html","fortified-corn-soy-porridge-course.html"
"fortified-corn-soy-porridge-business.html","fortified-corn-soy-porridge-module-1.html"
"fortified-corn-soy-porridge-business.html","fortified-corn-soy-porridge-module-1.html"
"fortified-corn-soy-porridge-business.html","fortified-corn-soy-porridge-course.html"
"goat-farming-business.html","goat-farming-course.html"
"goat-farming-business.html","goat-farming-course.html"
"goat-farming-business.html","goat-farming-module-1.html"
"goat-farming-business.html","goat-farming-module-1.html"
"goat-farming-business.html","goat-farming-course.html"
"groundnut-farming-business.html","groundnut-farming-course.html"
"groundnut-farming-business.html","groundnut-farming-course.html"
"groundnut-farming-business.html","groundnut-farming-module-1.html"
"groundnut-farming-business.html","groundnut-farming-course.html"
"guinea-quail-farming-business.html","guinea-quail-farming-course.html"
"guinea-quail-farming-business.html","guinea-quail-farming-course.html"
"guinea-quail-farming-business.html","guinea-quail-farming-module-1.html"
"guinea-quail-farming-business.html","guinea-quail-farming-module-1.html"
"guinea-quail-farming-business.html","guinea-quail-farming-course.html"
"horse-breeding-business.html","horse-breeding-course.html"
"horse-breeding-business.html","horse-breeding-course.html"
"horse-breeding-business.html","horse-breeding-module-1.html"
"horse-breeding-business.html","horse-breeding-module-1.html"
"horse-breeding-business.html","horse-breeding-course.html"
"index (26).html","stripe-checkout.js"
"index (28).html","stripe-checkout.js"
"index (29).html","social-settings.html"
"index (29).html","stripe-checkout.js"
"index (30).html","social-settings.html"
"index (30).html","stripe-checkout.js"
"index (33).html","food-preservation-methods-course.html"
"index (33).html","dehydration-course.html"
"index (33).html","smoking-fish-meat-course.html"
"index (33).html","salting-brining-course.html"
"index (33).html","pickling-vegetables-course.html"
"index (33).html","fermentation-course.html"
"index (33).html","canning-bottling-course.html"
"index (33).html","sugar-preservation-course.html"
"index (33).html","oil-preservation-course.html"
"index (33).html","waxing-fruits-course.html"
"index (33).html","vacuum-sealing-course.html"
"index (33).html","freezing-techniques-course.html"
"index (33).html","modified-atmosphere-course.html"
"index (33).html","irradiation-basics-course.html"
"index (33).html","root-cellaring-course.html"
"index (33).html","cold-storage-design-course.html"
"index (33).html","grain-storage-course.html"
"index (33).html","hay-making-course.html"
"index (33).html","silage-making-course.html"
"index (33).html","nutrition-food-safety-course.html"
"index (33).html","healthcare-course.html"
"index (33).html","mental-health-course.html"
"index (33).html","solar-energy-course.html"
"index (33).html","ai-fundamentals-course.html"
"index (33).html","web-development-course.html"
"index (33).html","mobile-app-development-course.html"
"index (33).html","data-science-course.html"
"index (33).html","cybersecurity-course.html"
"index (33).html","iot-course.html"
"index (33).html","robotics-basics-course.html"
"index (33).html","drone-fundamentals-course.html"
"index (33).html","digital-marketing-course.html"
"index (33).html","entrepreneurship-course.html"
"index (33).html","financial-literacy-course.html"
"index (33).html","project-management-course.html"
"index (33).html","supply-chain-course.html"
"index (33).html","bakery-course.html"
"index (33).html","butchery-course.html"
"index (33).html","cassava-processing-course.html"
"index (33).html","cocoa-farming-course.html"
"index (33).html","leather-working-course.html"
"index (33).html","swahili-language-course.html"
"index (33).html","arabic-language-course.html"
"index (33).html","chinese-language-course.html"
"index (33).html","spanish-language-course.html"
"index (33).html","russian-language-course.html"
"index (33).html","pig-farming-course.html"
"index (33).html","animal-feed-making-course.html"
"index (33).html","avocado-farming-course.html"
"index (33).html","banana-farming-course.html"
"index (33).html","beans-legumes-farming-course.html"
"index (33).html","bee-farming-course.html"
"index (33).html","cassava-farming-course.html"
"index (33).html","cattle-farming-course.html"
"index (33).html","cotton-farming-course.html"
"index (33).html","crocodile-farming-course.html"
"index (33).html","dairy-production-course.html"
"index (33).html","duck-farming-course.html"
"index (33).html","fishing-fish-farming-course.html"
"index (33).html","forestry-tree-planting-course.html"
"index (33).html","general-agriculture-course.html"
"index (33).html","goat-sheep-rearing-course.html"
"index (33).html","grafting-budding-orchards-course.html"
"index (33).html","grasscutter-farming-course.html"
"index (33).html","groundnut-farming-course.html"
"index (33).html","guinea-fowl-farming-course.html"
"index (33).html","irish-potato-farming-course.html"
"index (33).html","maize-farming-course.html"
"index (33).html","mango-citrus-farming-course.html"
"index (33).html","mushroom-farming-course.html"
"index (33).html","onion-farming-course.html"
"index (33).html","ostrich-farming-course.html"
"index (33).html","potato-farming-course.html"
"index (33).html","poultry-farming-course.html"
"index (33).html","quail-farming-course.html"
"index (33).html","rabbit-farming-course.html"
"index (33).html","rice-farming-course.html"
"index (33).html","snail-farming-course.html"
"index (33).html","sorghum-millet-farming-course.html"
"index (33).html","soybean-farming-course.html"
"index (33).html","sunflower-farming-course.html"
"index (33).html","sweet-potato-farming-course.html"
"index (33).html","tomato-farming-course.html"
"index (33).html","turkey-farming-course.html"
"index (33).html","vegetable-production-course.html"
"index (33).html","wheat-barley-farming-course.html"
"index (33).html","yam-farming-course.html"
"index (33).html","solar-drying-course.html"
"index (41).html","food-preservation-methods-course.html"
"index (41).html","dehydration-course.html"
"index (41).html","smoking-fish-meat-course.html"
"index (41).html","salting-brining-course.html"
"index (41).html","pickling-vegetables-course.html"
"index (41).html","fermentation-course.html"
"index (41).html","canning-bottling-course.html"
"index (41).html","sugar-preservation-course.html"
"index (41).html","oil-preservation-course.html"
"index (41).html","waxing-fruits-course.html"
"index (41).html","vacuum-sealing-course.html"
"index (41).html","freezing-techniques-course.html"
"index (41).html","modified-atmosphere-course.html"
"index (41).html","irradiation-basics-course.html"
"index (41).html","root-cellaring-course.html"
"index (41).html","cold-storage-design-course.html"
"index (41).html","grain-storage-course.html"
"index (41).html","cattle-feed-production-course.html"
"index (41).html","poultry-feed-production-course.html"
"index (41).html","pig-sheep-goat-feed-course.html"
"index (41).html","fish-duck-rabbit-feed-course.html"
"index (41).html","dog-cat-alternatives-feed-course.html"
"index (41).html","avocado-farming-course.html"
"index (41).html","banana-farming-course.html"
"index (41).html","beans-legumes-farming-course.html"
"index (41).html","bee-farming-course.html"
"index (41).html","cassava-farming-lessons.html"
"index (41).html","cattle-farming-lessons.html"
"index (41).html","cotton-farming-course.html"
"index (41).html","crocodile-farming-course.html"
"index (41).html","dairy-production-lessons.html"
"index (41).html","duck-farming-course.html"
"index (41).html","fishing-fish-farming-course.html"
"index (41).html","forestry-tree-planting-course.html"
"index (41).html","general-agriculture-course.html"
"index (41).html","goat-sheep-rearing-course.html"
"index (41).html","grafting-budding-orchards-course.html"
"index (41).html","grasscutter-farming-course.html"
"index (41).html","groundnut-farming-course.html"
"index (41).html","guinea-fowl-farming-course.html"
"index (41).html","irish-potato-farming-course.html"
"index (41).html","maize-farming-course.html"
"index (41).html","mango-citrus-farming-course.html"
"index (41).html","mushroom-farming-lessons.html"
"index (41).html","onion-farming-course.html"
"index (41).html","ostrich-farming-course.html"
"index (41).html","potato-farming-course.html"
"index (41).html","poultry-farming-course.html"
"index (41).html","quail-farming-course.html"
"index (41).html","rabbit-farming-course.html"
"index (41).html","rice-farming-course.html"
"index (41).html","snail-farming-course.html"
"index (41).html","sorghum-millet-farming-course.html"
"index (41).html","soybean-farming-course.html"
"index (41).html","sunflower-farming-course.html"
"index (41).html","sweet-potato-farming-course.html"
"index (41).html","tomato-farming-course.html"
"index (41).html","turkey-farming-course.html"
"index (41).html","vegetable-production-course.html"
"index (41).html","wheat-barley-farming-course.html"
"index (41).html","yam-farming-course.html"
"index (41).html","soap-making-course.html"
"index (41).html","solar-drying-course.html"
"index (41).html","ai-fundamentals-course.html"
"index (41).html","arabic-language-course.html"
"index (41).html","bakery-lessons.html"
"index (41).html","bee-farming-lessons.html"
"index (41).html","butchery-lessons.html"
"index (41).html","cassava-processing-course.html"
"index (41).html","chinese-language-course.html"
"index (41).html","cocoa-farming-course.html"
"index (41).html","cybersecurity-course.html"
"index (41).html","data-science-course.html"
"index (41).html","digital-marketing-course.html"
"index (41).html","drone-fundamentals-course.html"
"index (41).html","entrepreneurship-course.html"
"index (41).html","financial-literacy-course.html"
"index (41).html","hay-making-course.html"
"index (41).html","healthcare-course.html"
"index (41).html","iot-course.html"
"index (41).html","leather-working-lessons.html"
"index (41).html","mental-health-course.html"
"index (41).html","mobile-app-development-course.html"
"index (41).html","nutrition-food-safety-course.html"
"index (41).html","project-management-course.html"
"index (41).html","robotics-basics-course.html"
"index (41).html","silage-making-course.html"
"index (41).html","solar-energy-course.html"
"index (41).html","spanish-language-course.html"
"index (41).html","supply-chain-course.html"
"index (41).html","swahili-language-course.html"
"index (41).html","web-development-course.html"
"index (41).html","cassava-flour-processing-course.html"
"index (41).html","cassava-starch-extraction-course.html"
"index (41).html","cassava-bread-baking-course.html"
"index (41).html","cassava-chips-crisps-course.html"
"index (41).html","high-quality-cassava-flour-course.html"
"index (41).html","cassava-leaves-vegetable-course.html"
"index (41).html","farm-financial-management-course.html"
"index (41).html","agricultural-record-keeping-course.html"
"index (41).html","farm-market-access-pricing-course.html"
"index (41).html","agricultural-cooperative-formation-course.html"
"index (41).html","business-plan-development-course.html"
"index (41).html","farm-labor-management-course.html"
"index (41).html","drought-resistant-crops-course.html"
"index (41).html","irrigation-systems-smallholds-course.html"
"index (41).html","soil-conservation-restoration-course.html"
"index (41).html","crop-rotation-intercropping-course.html"
"index (41).html","climate-smart-crop-calendar-course.html"
"index (41).html","fruit-vegetable-preservation-course.html"
"index (41).html","honey-processing-packaging-course.html"
"index (41).html","grain-legume-storage-course.html"
"index (41).html","tomato-paste-sauce-course.html"
"index (41).html","fruit-juice-concentrate-course.html"
"index (41).html","export-standards-certification-course.html"
"index (41).html","packaging-export-markets-course.html"
"index (41).html","quality-control-testing-course.html"
"index (41).html","international-trade-basics-course.html"
"index (41).html","soil-testing-nutrient-management-course.html"
"index (41).html","mechanized-equipment-rental-course.html"
"index (41).html","solar-energy-farms-course.html"
"index (41).html","chicken-egg-production-intensive-course.html"
"index (41).html","pig-fattening-operations-course.html"
"index (41).html","goat-breeding-selection-course.html"
"index (41).html","fish-fingerling-production-course.html"
"index (42).html","food-preservation-methods-course.html"
"index (42).html","dehydration-course.html"
"index (42).html","smoking-fish-meat-course.html"
"index (42).html","salting-brining-course.html"
"index (42).html","pickling-vegetables-course.html"
"index (42).html","fermentation-course.html"
"index (42).html","canning-bottling-course.html"
"index (42).html","sugar-preservation-course.html"
"index (42).html","oil-preservation-course.html"
"index (42).html","waxing-fruits-course.html"
"index (42).html","vacuum-sealing-course.html"
"index (42).html","freezing-techniques-course.html"
"index (42).html","modified-atmosphere-course.html"
"index (42).html","irradiation-basics-course.html"
"index (42).html","root-cellaring-course.html"
"index (42).html","cold-storage-design-course.html"
"index (42).html","grain-storage-course.html"
"index (42).html","cattle-feed-production-course.html"
"index (42).html","poultry-feed-production-course.html"
"index (42).html","pig-sheep-goat-feed-course.html"
"index (42).html","fish-duck-rabbit-feed-course.html"
"index (42).html","dog-cat-alternatives-feed-course.html"
"index (42).html","avocado-farming-course.html"
"index (42).html","banana-farming-course.html"
"index (42).html","beans-legumes-farming-course.html"
"index (42).html","bee-farming-course.html"
"index (42).html","cassava-farming-lessons.html"
"index (42).html","cattle-farming-lessons.html"
"index (42).html","cotton-farming-course.html"
"index (42).html","crocodile-farming-course.html"
"index (42).html","dairy-production-lessons.html"
"index (42).html","duck-farming-course.html"
"index (42).html","fishing-fish-farming-course.html"
"index (42).html","forestry-tree-planting-course.html"
"index (42).html","general-agriculture-course.html"
"index (42).html","goat-sheep-rearing-course.html"
"index (42).html","grafting-budding-orchards-course.html"
"index (42).html","grasscutter-farming-course.html"
"index (42).html","groundnut-farming-course.html"
"index (42).html","guinea-fowl-farming-course.html"
"index (42).html","irish-potato-farming-course.html"
"index (42).html","maize-farming-course.html"
"index (42).html","mango-citrus-farming-course.html"
"index (42).html","mushroom-farming-lessons.html"
"index (42).html","onion-farming-course.html"
"index (42).html","ostrich-farming-course.html"
"index (42).html","potato-farming-course.html"
"index (42).html","poultry-farming-course.html"
"index (42).html","quail-farming-course.html"
"index (42).html","rabbit-farming-course.html"
"index (42).html","rice-farming-course.html"
"index (42).html","snail-farming-course.html"
"index (42).html","sorghum-millet-farming-course.html"
"index (42).html","soybean-farming-course.html"
"index (42).html","sunflower-farming-course.html"
"index (42).html","sweet-potato-farming-course.html"
"index (42).html","tomato-farming-course.html"
"index (42).html","turkey-farming-course.html"
"index (42).html","vegetable-production-course.html"
"index (42).html","wheat-barley-farming-course.html"
"index (42).html","yam-farming-course.html"
"index (42).html","soap-making-course.html"
"index (42).html","solar-drying-course.html"
"index (42).html","ai-fundamentals-course.html"
"index (42).html","arabic-language-course.html"
"index (42).html","bakery-lessons.html"
"index (42).html","bee-farming-lessons.html"
"index (42).html","butchery-lessons.html"
"index (42).html","cassava-processing-course.html"
"index (42).html","chinese-language-course.html"
"index (42).html","cocoa-farming-course.html"
"index (42).html","cybersecurity-course.html"
"index (42).html","data-science-course.html"
"index (42).html","digital-marketing-course.html"
"index (42).html","drone-fundamentals-course.html"
"index (42).html","entrepreneurship-course.html"
"index (42).html","financial-literacy-course.html"
"index (42).html","hay-making-course.html"
"index (42).html","healthcare-course.html"
"index (42).html","iot-course.html"
"index (42).html","leather-working-lessons.html"
"index (42).html","mental-health-course.html"
"index (42).html","mobile-app-development-course.html"
"index (42).html","nutrition-food-safety-course.html"
"index (42).html","project-management-course.html"
"index (42).html","robotics-basics-course.html"
"index (42).html","silage-making-course.html"
"index (42).html","solar-energy-course.html"
"index (42).html","spanish-language-course.html"
"index (42).html","supply-chain-course.html"
"index (42).html","swahili-language-course.html"
"index (42).html","web-development-course.html"
"index (42).html","cassava-flour-processing-course.html"
"index (42).html","cassava-starch-extraction-course.html"
"index (42).html","cassava-bread-baking-course.html"
"index (42).html","cassava-chips-crisps-course.html"
"index (42).html","high-quality-cassava-flour-course.html"
"index (42).html","cassava-leaves-vegetable-course.html"
"index (42).html","farm-financial-management-course.html"
"index (42).html","agricultural-record-keeping-course.html"
"index (42).html","farm-market-access-pricing-course.html"
"index (42).html","agricultural-cooperative-formation-course.html"
"index (42).html","business-plan-development-course.html"
"index (42).html","farm-labor-management-course.html"
"index (42).html","drought-resistant-crops-course.html"
"index (42).html","irrigation-systems-smallholds-course.html"
"index (42).html","soil-conservation-restoration-course.html"
"index (42).html","crop-rotation-intercropping-course.html"
"index (42).html","climate-smart-crop-calendar-course.html"
"index (42).html","fruit-vegetable-preservation-course.html"
"index (42).html","honey-processing-packaging-course.html"
"index (42).html","grain-legume-storage-course.html"
"index (42).html","tomato-paste-sauce-course.html"
"index (42).html","fruit-juice-concentrate-course.html"
"index (42).html","export-standards-certification-course.html"
"index (42).html","packaging-export-markets-course.html"
"index (42).html","quality-control-testing-course.html"
"index (42).html","international-trade-basics-course.html"
"index (42).html","soil-testing-nutrient-management-course.html"
"index (42).html","mechanized-equipment-rental-course.html"
"index (42).html","solar-energy-farms-course.html"
"index (42).html","chicken-egg-production-intensive-course.html"
"index (42).html","pig-fattening-operations-course.html"
"index (42).html","goat-breeding-selection-course.html"
"index (42).html","fish-fingerling-production-course.html"
"index-backup-20260921-110924.html","generated_courses/cold-room-for-10-beasts.html"
"index-backup-20260921-141249.html","generated_courses/cold-room-for-10-beasts.html"
"index-backup-20260921-142136.html","generated_courses/cold-room-for-10-beasts.html"
"index-backup-20260921-164419.html","generated_courses/cold-room-for-10-beasts.html"
"index.d1a0db77.html","pig-farming-lessons.html"
"index.d1a0db77.html","food-preservation-methods-course.html"
"index.d1a0db77.html","dehydration-course.html"
"index.d1a0db77.html","smoking-fish-meat-course.html"
"index.d1a0db77.html","salting-brining-course.html"
"index.d1a0db77.html","pickling-vegetables-course.html"
"index.d1a0db77.html","fermentation-course.html"
"index.d1a0db77.html","canning-bottling-course.html"
"index.d1a0db77.html","sugar-preservation-course.html"
"index.d1a0db77.html","oil-preservation-course.html"
"index.d1a0db77.html","waxing-fruits-course.html"
"index.d1a0db77.html","vacuum-sealing-course.html"
"index.d1a0db77.html","freezing-techniques-course.html"
"index.d1a0db77.html","modified-atmosphere-course.html"
"index.d1a0db77.html","irradiation-basics-course.html"
"index.d1a0db77.html","root-cellaring-course.html"
"index.d1a0db77.html","cold-storage-design-course.html"
"index.d1a0db77.html","grain-storage-course.html"
"index.d1a0db77.html","cattle-feed-production-course.html"
"index.d1a0db77.html","poultry-feed-production-course.html"
"index.d1a0db77.html","pig-sheep-goat-feed-course.html"
"index.d1a0db77.html","fish-duck-rabbit-feed-course.html"
"index.d1a0db77.html","dog-cat-alternatives-feed-course.html"
"index.d1a0db77.html","avocado-farming-course.html"
"index.d1a0db77.html","banana-farming-course.html"
"index.d1a0db77.html","beans-legumes-farming-course.html"
"index.d1a0db77.html","bee-farming-course.html"
"index.d1a0db77.html","cassava-farming-course.html"
"index.d1a0db77.html","cattle-farming-course.html"
"index.d1a0db77.html","cotton-farming-course.html"
"index.d1a0db77.html","crocodile-farming-course.html"
"index.d1a0db77.html","dairy-production-course.html"
"index.d1a0db77.html","duck-farming-course.html"
"index.d1a0db77.html","fishing-fish-farming-course.html"
"index.d1a0db77.html","forestry-tree-planting-course.html"
"index.d1a0db77.html","general-agriculture-course.html"
"index.d1a0db77.html","goat-sheep-rearing-course.html"
"index.d1a0db77.html","grafting-budding-orchards-course.html"
"index.d1a0db77.html","grasscutter-farming-course.html"
"index.d1a0db77.html","groundnut-farming-course.html"
"index.d1a0db77.html","guinea-fowl-farming-course.html"
"index.d1a0db77.html","irish-potato-farming-course.html"
"index.d1a0db77.html","maize-farming-course.html"
"index.d1a0db77.html","mango-citrus-farming-course.html"
"index.d1a0db77.html","mushroom-farming-course.html"
"index.d1a0db77.html","onion-farming-course.html"
"index.d1a0db77.html","ostrich-farming-course.html"
"index.d1a0db77.html","potato-farming-course.html"
"index.d1a0db77.html","poultry-farming-course.html"
"index.d1a0db77.html","quail-farming-course.html"
"index.d1a0db77.html","rabbit-farming-course.html"
"index.d1a0db77.html","rice-farming-course.html"
"index.d1a0db77.html","snail-farming-course.html"
"index.d1a0db77.html","sorghum-millet-farming-course.html"
"index.d1a0db77.html","soybean-farming-course.html"
"index.d1a0db77.html","sunflower-farming-course.html"
"index.d1a0db77.html","sweet-potato-farming-course.html"
"index.d1a0db77.html","tomato-farming-course.html"
"index.d1a0db77.html","turkey-farming-course.html"
"index.d1a0db77.html","vegetable-production-course.html"
"index.d1a0db77.html","wheat-barley-farming-course.html"
"index.d1a0db77.html","yam-farming-course.html"
"index.d1a0db77.html","soap-making-course.html"
"index.d1a0db77.html","solar-drying-course.html"
"index.d1a0db77.html","ai-fundamentals-course.html"
"index.d1a0db77.html","arabic-language-course.html"
"index.d1a0db77.html","bakery-course.html"
"index.d1a0db77.html","bee-farming-course.html"
"index.d1a0db77.html","butchery-course.html"
"index.d1a0db77.html","cassava-processing-course.html"
"index.d1a0db77.html","chinese-language-course.html"
"index.d1a0db77.html","cocoa-farming-course.html"
"index.d1a0db77.html","cybersecurity-course.html"
"index.d1a0db77.html","data-science-course.html"
"index.d1a0db77.html","digital-marketing-course.html"
"index.d1a0db77.html","drone-fundamentals-course.html"
"index.d1a0db77.html","entrepreneurship-course.html"
"index.d1a0db77.html","financial-literacy-course.html"
"index.d1a0db77.html","hay-making-course.html"
"index.d1a0db77.html","healthcare-course.html"
"index.d1a0db77.html","iot-course.html"
"index.d1a0db77.html","leather-working-course.html"
"index.d1a0db77.html","mental-health-course.html"
"index.d1a0db77.html","mobile-app-development-course.html"
"index.d1a0db77.html","nutrition-food-safety-course.html"
"index.d1a0db77.html","project-management-course.html"
"index.d1a0db77.html","robotics-basics-course.html"
"index.d1a0db77.html","silage-making-course.html"
"index.d1a0db77.html","solar-energy-course.html"
"index.d1a0db77.html","spanish-language-course.html"
"index.d1a0db77.html","supply-chain-course.html"
"index.d1a0db77.html","swahili-language-course.html"
"index.d1a0db77.html","web-development-course.html"
"index.d1a0db77.html","cassava-flour-processing-course.html"
"index.d1a0db77.html","cassava-starch-extraction-course.html"
"index.d1a0db77.html","cassava-bread-baking-course.html"
"index.d1a0db77.html","cassava-chips-crisps-course.html"
"index.d1a0db77.html","high-quality-cassava-flour-course.html"
"index.d1a0db77.html","cassava-leaves-vegetable-course.html"
"index.d1a0db77.html","farm-financial-management-course.html"
"index.d1a0db77.html","agricultural-record-keeping-course.html"
"index.d1a0db77.html","farm-market-access-pricing-course.html"
"index.d1a0db77.html","agricultural-cooperative-formation-course.html"
"index.d1a0db77.html","business-plan-development-course.html"
"index.d1a0db77.html","farm-labor-management-course.html"
"index.d1a0db77.html","drought-resistant-crops-course.html"
"index.d1a0db77.html","irrigation-systems-smallholds-course.html"
"index.d1a0db77.html","soil-conservation-restoration-course.html"
"index.d1a0db77.html","crop-rotation-intercropping-course.html"
"index.d1a0db77.html","climate-smart-crop-calendar-course.html"
"index.d1a0db77.html","fruit-vegetable-preservation-course.html"
"index.d1a0db77.html","honey-processing-packaging-course.html"
"index.d1a0db77.html","grain-legume-storage-course.html"
"index.d1a0db77.html","tomato-paste-sauce-course.html"
"index.d1a0db77.html","fruit-juice-concentrate-course.html"
"index.d1a0db77.html","export-standards-certification-course.html"
"index.d1a0db77.html","packaging-export-markets-course.html"
"index.d1a0db77.html","quality-control-testing-course.html"
"index.d1a0db77.html","international-trade-basics-course.html"
"index.d1a0db77.html","soil-testing-nutrient-management-course.html"
"index.d1a0db77.html","mechanized-equipment-rental-course.html"
"index.d1a0db77.html","solar-energy-farms-course.html"
"index.d1a0db77.html","chicken-egg-production-intensive-course.html"
"index.d1a0db77.html","pig-fattening-operations-course.html"
"index.d1a0db77.html","goat-breeding-selection-course.html"
"index.d1a0db77.html","fish-fingerling-production-course.html"
"irish-potato-farming-business.html","irish-potato-farming-course.html"
"irish-potato-farming-business.html","irish-potato-farming-course.html"
"irish-potato-farming-business.html","irish-potato-farming-module-1.html"
"irish-potato-farming-business.html","irish-potato-farming-course.html"
"jam-making-module-1.html","jam-making-lessons.html"
"jam-making-module-10.html","jam-making-lessons.html"
"jam-making-module-11.html","jam-making-lessons.html"
"jam-making-module-12.html","jam-making-lessons.html"
"jam-making-module-12.html","jam-making-lessons.html"
"jam-making-module-2.html","jam-making-lessons.html"
"jam-making-module-3.html","jam-making-lessons.html"
"jam-making-module-4.html","jam-making-lessons.html"
"jam-making-module-5.html","jam-making-lessons.html"
"jam-making-module-6.html","jam-making-lessons.html"
"jam-making-module-7.html","jam-making-lessons.html"
"jam-making-module-8.html","jam-making-lessons.html"
"jam-making-module-9.html","jam-making-lessons.html"
"kids-ai-junior-course.html","kids-ai-junior-module-1.html"
"kids-ai-junior-course.html","kids-ai-junior-module-2.html"
"kids-ai-junior-course.html","kids-ai-junior-module-3.html"
"kids-ai-junior-course.html","kids-ai-junior-module-4.html"
"kids-ai-junior-course.html","kids-ai-junior-module-5.html"
"kids-ai-junior-course.html","kids-ai-junior-module-6.html"
"kids-ai-junior-course.html","kids-ai-junior-module-7.html"
"kids-ai-junior-course.html","kids-ai-junior-module-8.html"
"kids-ai-junior-course.html","kids-ai-junior-module-1.html"
"kids-ai-senior-course.html","kids-ai-senior-module-1.html"
"kids-ai-senior-course.html","kids-ai-senior-module-2.html"
"kids-ai-senior-course.html","kids-ai-senior-module-3.html"
"kids-ai-senior-course.html","kids-ai-senior-module-4.html"
"kids-ai-senior-course.html","kids-ai-senior-module-5.html"
"kids-ai-senior-course.html","kids-ai-senior-module-6.html"
"kids-ai-senior-course.html","kids-ai-senior-module-7.html"
"kids-ai-senior-course.html","kids-ai-senior-module-8.html"
"kids-ai-senior-course.html","kids-ai-senior-module-1.html"
"kids-arabic-junior-course.html","kids-arabic-junior-module-1.html"
"kids-arabic-junior-course.html","kids-arabic-junior-module-2.html"
"kids-arabic-junior-course.html","kids-arabic-junior-module-3.html"
"kids-arabic-junior-course.html","kids-arabic-junior-module-4.html"
"kids-arabic-junior-course.html","kids-arabic-junior-module-5.html"
"kids-arabic-junior-course.html","kids-arabic-junior-module-6.html"
"kids-arabic-junior-course.html","kids-arabic-junior-module-7.html"
"kids-arabic-junior-course.html","kids-arabic-junior-module-8.html"
"kids-arabic-junior-course.html","kids-arabic-junior-module-1.html"
"kids-arabic-senior-course.html","kids-arabic-senior-module-1.html"
"kids-arabic-senior-course.html","kids-arabic-senior-module-2.html"
"kids-arabic-senior-course.html","kids-arabic-senior-module-3.html"
"kids-arabic-senior-course.html","kids-arabic-senior-module-4.html"
"kids-arabic-senior-course.html","kids-arabic-senior-module-5.html"
"kids-arabic-senior-course.html","kids-arabic-senior-module-6.html"
"kids-arabic-senior-course.html","kids-arabic-senior-module-7.html"
"kids-arabic-senior-course.html","kids-arabic-senior-module-8.html"
"kids-arabic-senior-course.html","kids-arabic-senior-module-1.html"
"kids-chinese-junior-course.html","kids-chinese-junior-module-1.html"
"kids-chinese-junior-course.html","kids-chinese-junior-module-2.html"
"kids-chinese-junior-course.html","kids-chinese-junior-module-3.html"
"kids-chinese-junior-course.html","kids-chinese-junior-module-4.html"
"kids-chinese-junior-course.html","kids-chinese-junior-module-5.html"
"kids-chinese-junior-course.html","kids-chinese-junior-module-6.html"
"kids-chinese-junior-course.html","kids-chinese-junior-module-7.html"
"kids-chinese-junior-course.html","kids-chinese-junior-module-8.html"
"kids-chinese-junior-course.html","kids-chinese-junior-module-1.html"
"kids-chinese-senior-course.html","kids-chinese-senior-module-1.html"
"kids-chinese-senior-course.html","kids-chinese-senior-module-2.html"
"kids-chinese-senior-course.html","kids-chinese-senior-module-3.html"
"kids-chinese-senior-course.html","kids-chinese-senior-module-4.html"
"kids-chinese-senior-course.html","kids-chinese-senior-module-5.html"
"kids-chinese-senior-course.html","kids-chinese-senior-module-6.html"
"kids-chinese-senior-course.html","kids-chinese-senior-module-7.html"
"kids-chinese-senior-course.html","kids-chinese-senior-module-8.html"
"kids-chinese-senior-course.html","kids-chinese-senior-module-1.html"
"kids-claude-junior-course.html","kids-claude-junior-module-1.html"
"kids-claude-junior-course.html","kids-claude-junior-module-2.html"
"kids-claude-junior-course.html","kids-claude-junior-module-3.html"
"kids-claude-junior-course.html","kids-claude-junior-module-4.html"
"kids-claude-junior-course.html","kids-claude-junior-module-5.html"
"kids-claude-junior-course.html","kids-claude-junior-module-6.html"
"kids-claude-junior-course.html","kids-claude-junior-module-7.html"
"kids-claude-junior-course.html","kids-claude-junior-module-8.html"
"kids-claude-junior-course.html","kids-claude-junior-module-1.html"
"kids-claude-senior-course.html","kids-claude-senior-module-1.html"
"kids-claude-senior-course.html","kids-claude-senior-module-2.html"
"kids-claude-senior-course.html","kids-claude-senior-module-3.html"
"kids-claude-senior-course.html","kids-claude-senior-module-4.html"
"kids-claude-senior-course.html","kids-claude-senior-module-5.html"
"kids-claude-senior-course.html","kids-claude-senior-module-6.html"
"kids-claude-senior-course.html","kids-claude-senior-module-7.html"
"kids-claude-senior-course.html","kids-claude-senior-module-8.html"
"kids-claude-senior-course.html","kids-claude-senior-module-1.html"
"kids-drones-junior-course.html","kids-drones-junior-module-1.html"
"kids-drones-junior-course.html","kids-drones-junior-module-2.html"
"kids-drones-junior-course.html","kids-drones-junior-module-3.html"
"kids-drones-junior-course.html","kids-drones-junior-module-4.html"
"kids-drones-junior-course.html","kids-drones-junior-module-5.html"
"kids-drones-junior-course.html","kids-drones-junior-module-6.html"
"kids-drones-junior-course.html","kids-drones-junior-module-7.html"
"kids-drones-junior-course.html","kids-drones-junior-module-8.html"
"kids-drones-junior-course.html","kids-drones-junior-module-1.html"
"kids-drones-senior-course.html","kids-drones-senior-module-1.html"
"kids-drones-senior-course.html","kids-drones-senior-module-2.html"
"kids-drones-senior-course.html","kids-drones-senior-module-3.html"
"kids-drones-senior-course.html","kids-drones-senior-module-4.html"
"kids-drones-senior-course.html","kids-drones-senior-module-5.html"
"kids-drones-senior-course.html","kids-drones-senior-module-6.html"
"kids-drones-senior-course.html","kids-drones-senior-module-7.html"
"kids-drones-senior-course.html","kids-drones-senior-module-8.html"
"kids-drones-senior-course.html","kids-drones-senior-module-1.html"
"kids-robotics-junior-course.html","kids-robotics-junior-module-1.html"
"kids-robotics-junior-course.html","kids-robotics-junior-module-2.html"
"kids-robotics-junior-course.html","kids-robotics-junior-module-3.html"
"kids-robotics-junior-course.html","kids-robotics-junior-module-4.html"
"kids-robotics-junior-course.html","kids-robotics-junior-module-5.html"
"kids-robotics-junior-course.html","kids-robotics-junior-module-6.html"
"kids-robotics-junior-course.html","kids-robotics-junior-module-7.html"
"kids-robotics-junior-course.html","kids-robotics-junior-module-8.html"
"kids-robotics-junior-course.html","kids-robotics-junior-module-1.html"
"kids-robotics-senior-course.html","kids-robotics-senior-module-1.html"
"kids-robotics-senior-course.html","kids-robotics-senior-module-2.html"
"kids-robotics-senior-course.html","kids-robotics-senior-module-3.html"
"kids-robotics-senior-course.html","kids-robotics-senior-module-4.html"
"kids-robotics-senior-course.html","kids-robotics-senior-module-5.html"
"kids-robotics-senior-course.html","kids-robotics-senior-module-6.html"
"kids-robotics-senior-course.html","kids-robotics-senior-module-7.html"
"kids-robotics-senior-course.html","kids-robotics-senior-module-8.html"
"kids-robotics-senior-course.html","kids-robotics-senior-module-1.html"
"kids-russian-junior-course.html","kids-russian-junior-module-1.html"
"kids-russian-junior-course.html","kids-russian-junior-module-2.html"
"kids-russian-junior-course.html","kids-russian-junior-module-3.html"
"kids-russian-junior-course.html","kids-russian-junior-module-4.html"
"kids-russian-junior-course.html","kids-russian-junior-module-5.html"
"kids-russian-junior-course.html","kids-russian-junior-module-6.html"
"kids-russian-junior-course.html","kids-russian-junior-module-7.html"
"kids-russian-junior-course.html","kids-russian-junior-module-8.html"
"kids-russian-junior-course.html","kids-russian-junior-module-1.html"
"kids-russian-senior-course.html","kids-russian-senior-module-1.html"
"kids-russian-senior-course.html","kids-russian-senior-module-2.html"
"kids-russian-senior-course.html","kids-russian-senior-module-3.html"
"kids-russian-senior-course.html","kids-russian-senior-module-4.html"
"kids-russian-senior-course.html","kids-russian-senior-module-5.html"
"kids-russian-senior-course.html","kids-russian-senior-module-6.html"
"kids-russian-senior-course.html","kids-russian-senior-module-7.html"
"kids-russian-senior-course.html","kids-russian-senior-module-8.html"
"kids-russian-senior-course.html","kids-russian-senior-module-1.html"
"kids.html","'+c.s+'-course.html"
"leather-working-business.html","leather-working-course.html"
"leather-working-business.html","leather-working-course.html"
"leather-working-business.html","leather-working-module-1.html"
"leather-working-business.html","leather-working-module-1.html"
"leather-working-business.html","leather-working-course.html"
"mushroom-farming-business.html","mushroom-farming-course.html"
"mushroom-farming-business.html","mushroom-farming-course.html"
"mushroom-farming-business.html","mushroom-farming-module-1.html"
"mushroom-farming-business.html","mushroom-farming-module-1.html"
"mushroom-farming-business.html","mushroom-farming-course.html"
"mushroom-house-brick.html","mushroom-house-brick-module-1.html"
"mushroom-house-brick.html","mushroom-house-brick-module-2.html"
"mushroom-house-brick.html","mushroom-house-brick-module-3.html"
"mushroom-house-brick.html","mushroom-house-brick-module-4.html"
"mushroom-house-brick.html","mushroom-house-brick-module-5.html"
"mushroom-house-brick.html","mushroom-house-brick-module-6.html"
"mushroom-house-brick.html","mushroom-house-brick-module-7.html"
"mushroom-house-brick.html","mushroom-house-brick-module-8.html"
"mushroom-house-brick.html","mushroom-house-brick-module-9.html"
"mushroom-house-brick.html","mushroom-house-brick-module-10.html"
"mushroom-house-brick.html","mushroom-house-brick-module-11.html"
"mushroom-house-brick.html","mushroom-house-brick-module-12.html"
"mushroom-house-brick.html","mushroom-house-brick-module-1.html"
"my-courses.html","' + esc(r.course_id) + '-lessons.html"
"my-courses.html","' + esc(s.video_url) + '"
"newsletter.html","'+x[3]+'-course.html"
"pig-farming-business.html","pig-farming-course.html"
"pig-farming-business.html","pig-farming-course.html"
"pig-farming-business.html","pig-farming-module-1.html"
"pig-farming-business.html","pig-farming-module-1.html"
"pig-farming-business.html","pig-farming-course.html"
"pig-feed-business.html","pig-feed-course.html"
"pig-feed-business.html","pig-feed-course.html"
"pig-feed-business.html","pig-feed-module-1.html"
"pig-feed-business.html","pig-feed-module-1.html"
"pig-feed-business.html","pig-feed-course.html"
"pigfarmingmodule3 (1).html","pig-farming-lessons.html"
"pigfarmingmodule3 (1).html","pig-farming-lessons.html"
"pigfarmingmodule3 (1).html","pig-farming-module-2.html"
"pigfarmingmodule3 (1).html","pig-farming-module-4.html"
"preservation-buildings-10-methods.html","preservation-buildings-10-methods-module-1.html"
"preservation-buildings-10-methods.html","preservation-buildings-10-methods-module-2.html"
"preservation-buildings-10-methods.html","preservation-buildings-10-methods-module-3.html"
"preservation-buildings-10-methods.html","preservation-buildings-10-methods-module-4.html"
"preservation-buildings-10-methods.html","preservation-buildings-10-methods-module-5.html"
"preservation-buildings-10-methods.html","preservation-buildings-10-methods-module-6.html"
"preservation-buildings-10-methods.html","preservation-buildings-10-methods-module-7.html"
"preservation-buildings-10-methods.html","preservation-buildings-10-methods-module-8.html"
"preservation-buildings-10-methods.html","preservation-buildings-10-methods-module-9.html"
"preservation-buildings-10-methods.html","preservation-buildings-10-methods-module-10.html"
"preservation-buildings-10-methods.html","preservation-buildings-10-methods-module-11.html"
"preservation-buildings-10-methods.html","preservation-buildings-10-methods-module-12.html"
"preservation-buildings-10-methods.html","preservation-buildings-10-methods-module-1.html"
"rice-farming-business.html","rice-farming-course.html"
"rice-farming-business.html","rice-farming-course.html"
"rice-farming-business.html","rice-farming-module-1.html"
"rice-farming-business.html","rice-farming-module-1.html"
"rice-farming-business.html","rice-farming-course.html"
"sheep-farming-business.html","sheep-farming-course.html"
"sheep-farming-business.html","sheep-farming-course.html"
"sheep-farming-business.html","sheep-farming-module-1.html"
"sheep-farming-business.html","sheep-farming-module-1.html"
"sheep-farming-business.html","sheep-farming-course.html"
"soybean-farming-business.html","soybean-farming-course.html"
"soybean-farming-business.html","soybean-farming-course.html"
"soybean-farming-business.html","soybean-farming-module-1.html"
"soybean-farming-business.html","soybean-farming-course.html"
"version-50c674ac.html","bakery-course.html"
"version-50c674ac.html","bee-farming-course.html"
"version-50c674ac.html","beef-farming-course.html"
"version-50c674ac.html","broiler-layers-feed-course.html"
"version-50c674ac.html","butchery-course.html"
"version-50c674ac.html","cassava-farming-course.html"
"version-50c674ac.html","cat-breeding-course.html"
"version-50c674ac.html","cattle-farming-course.html"
"version-50c674ac.html","cattle-steer-feed-course.html"
"version-50c674ac.html","dairy-production-course.html"
"version-50c674ac.html","dog-breeding-course.html"
"version-50c674ac.html","dog-cat-feed-course.html"
"version-50c674ac.html","engine-to-irrigation-pump-course.html"
"version-50c674ac.html","fish-feed-course.html"
"version-50c674ac.html","fortified-corn-soy-porridge-course.html"
"version-50c674ac.html","goat-farming-course.html"
"version-50c674ac.html","guinea-quail-farming-course.html"
"version-50c674ac.html","horse-breeding-course.html"
"version-50c674ac.html","leather-working-course.html"
"version-50c674ac.html","mushroom-farming-course.html"
"version-50c674ac.html","rice-farming-course.html"
"version-50c674ac.html","sheep-farming-course.html"
"version-50c674ac.html","engine-fundamentals-course.html"
"version-50c674ac.html","sorghum-millet-farming-course.html"
"version-50c674ac.html","vegetable-production-course.html"
"version-50c674ac.html","sweet-potato-farming-course.html"
"version-50c674ac.html","beans-legumes-farming-course.html"
"version-50c674ac.html","groundnut-farming-course.html"
"version-50c674ac.html","irish-potato-farming-course.html"
"version-50c674ac.html","yam-farming-course.html"
"version-50c674ac.html","soybean-farming-course.html"
"version-50c674ac.html","wheat-barley-farming-course.html"
"version-50c674ac.html","pig-farming-course.html"
"version-50c674ac.html","pig-feed-course.html"
"version-50c674ac.html","bakery-course.html"
"version-50c674ac.html","bee-farming-course.html"
"version-50c674ac.html","beef-farming-course.html"
"version-50c674ac.html","broiler-layers-feed-course.html"
"version-50c674ac.html","butchery-course.html"
"version-50c674ac.html","cassava-farming-course.html"
"version-50c674ac.html","cat-breeding-course.html"
"version-50c674ac.html","cattle-farming-course.html"
"version-50c674ac.html","cattle-steer-feed-course.html"
"version-50c674ac.html","dairy-production-course.html"
"version-50c674ac.html","dog-breeding-course.html"
"version-50c674ac.html","dog-cat-feed-course.html"
"version-50c674ac.html","engine-to-irrigation-pump-course.html"
"version-50c674ac.html","fish-feed-course.html"
"version-50c674ac.html","fortified-corn-soy-porridge-course.html"
"version-50c674ac.html","goat-farming-course.html"
"version-50c674ac.html","guinea-quail-farming-course.html"
"version-50c674ac.html","horse-breeding-course.html"
"version-50c674ac.html","leather-working-course.html"
"version-50c674ac.html","mushroom-farming-course.html"
"version-50c674ac.html","rice-farming-course.html"
"version-50c674ac.html","sheep-farming-course.html"
"version-50c674ac.html","engine-fundamentals-course.html"
"version-50c674ac.html","sorghum-millet-farming-course.html"
"version-50c674ac.html","vegetable-production-course.html"
"version-50c674ac.html","sweet-potato-farming-course.html"
"version-50c674ac.html","beans-legumes-farming-course.html"
"version-50c674ac.html","groundnut-farming-course.html"
"version-50c674ac.html","irish-potato-farming-course.html"
"version-50c674ac.html","yam-farming-course.html"
"version-50c674ac.html","soybean-farming-course.html"
"version-50c674ac.html","wheat-barley-farming-course.html"
"version-50c674ac.html","pig-farming-course.html"
"version-50c674ac.html","pig-feed-course.html"
"version-50c674ac.html","bakery-course.html"
"version-50c674ac.html","bee-farming-course.html"
"version-50c674ac.html","beef-farming-course.html"
"version-50c674ac.html","broiler-layers-feed-course.html"
"version-50c674ac.html","butchery-course.html"
"version-50c674ac.html","cassava-farming-course.html"
"version-50c674ac.html","cat-breeding-course.html"
"version-50c674ac.html","cattle-farming-course.html"
"version-50c674ac.html","cattle-steer-feed-course.html"
"version-50c674ac.html","dairy-production-course.html"
"version-50c674ac.html","dog-breeding-course.html"
"version-50c674ac.html","dog-cat-feed-course.html"
"version-50c674ac.html","engine-to-irrigation-pump-course.html"
"version-50c674ac.html","fish-feed-course.html"
"version-50c674ac.html","fortified-corn-soy-porridge-course.html"
"version-50c674ac.html","goat-farming-course.html"
"version-50c674ac.html","guinea-quail-farming-course.html"
"version-50c674ac.html","horse-breeding-course.html"
"version-50c674ac.html","leather-working-course.html"
"version-50c674ac.html","mushroom-farming-course.html"
"version-50c674ac.html","rice-farming-course.html"
"version-50c674ac.html","sheep-farming-course.html"
"version-50c674ac.html","engine-fundamentals-course.html"
"version-50c674ac.html","sorghum-millet-farming-course.html"
"version-50c674ac.html","vegetable-production-course.html"
"version-50c674ac.html","sweet-potato-farming-course.html"
"version-50c674ac.html","beans-legumes-farming-course.html"
"version-50c674ac.html","groundnut-farming-course.html"
"version-50c674ac.html","irish-potato-farming-course.html"
"version-50c674ac.html","yam-farming-course.html"
"version-50c674ac.html","soybean-farming-course.html"
"version-50c674ac.html","wheat-barley-farming-course.html"
"version-50c674ac.html","pig-farming-course.html"
"version-50c674ac.html","pig-feed-course.html"
"video-library.html","${v.url}"
"welding-fundamentals-module-10.html","welding-fundamentals-lessons.html"
"welding-fundamentals-module-11.html","welding-fundamentals-lessons.html"
"welding-fundamentals-module-12.html","welding-fundamentals-lessons.html"
"welding-fundamentals-module-12.html","welding-fundamentals-lessons.html"
"welding-fundamentals-module-4.html","welding-fundamentals-lessons.html"
"welding-fundamentals-module-4.html","welding-fundamentals-module-3.html"
"welding-fundamentals-module-5.html","welding-fundamentals-lessons.html"
"welding-fundamentals-module-6.html","welding-fundamentals-lessons.html"
"welding-fundamentals-module-7.html","welding-fundamentals-lessons.html"
"welding-fundamentals-module-8.html","welding-fundamentals-lessons.html"
"welding-fundamentals-module-9.html","welding-fundamentals-lessons.html"
"wheat-barley-farming-business.html","wheat-barley-farming-course.html"
"wheat-barley-farming-business.html","wheat-barley-farming-course.html"
"wheat-barley-farming-business.html","wheat-barley-farming-module-1.html"
"wheat-barley-farming-business.html","wheat-barley-farming-course.html"
"yam-farming-business.html","yam-farming-course.html"
"yam-farming-business.html","yam-farming-course.html"
"yam-farming-business.html","yam-farming-module-1.html"
"yam-farming-business.html","yam-farming-course.html"
"_live.html","' + courseInfoUrl + '"
"assignment-review.html","' + esc(r.video_url) + '"
"avocado-farming-course.html","auth-system.js"
"avocado-farming-course.html","enrollment-system.js"
"avocado-farming-course.html","course-protection.js"
"banana-farming-course.html","auth-system.js"
"banana-farming-course.html","enrollment-system.js"
"banana-farming-course.html","course-protection.js"
"beans-legumes-farming-course.html","auth-system.js"
"beans-legumes-farming-course.html","enrollment-system.js"
"beans-legumes-farming-course.html","course-protection.js"
"beef-farming-course.html","auth-system.js"
"beef-farming-course.html","enrollment-system.js"
"beef-farming-course.html","course-protection.js"
"charcoal-types-course-lessons.html","style.css"
"charcoal-types-course-lessons.html","charcoal-types-course-module-1.html"
"charcoal-types-course-lessons.html","charcoal-types-course-module-2.html"
"charcoal-types-course-lessons.html","charcoal-types-course-module-3.html"
"charcoal-types-course-lessons.html","charcoal-types-course-module-4.html"
"charcoal-types-course-lessons.html","charcoal-types-course-module-5.html"
"charcoal-types-course-lessons.html","charcoal-types-course-module-6.html"
"charcoal-types-course-lessons.html","charcoal-types-course-module-7.html"
"charcoal-types-course-lessons.html","charcoal-types-course-module-8.html"
"charcoal-types-course-lessons.html","charcoal-types-course-module-9.html"
"charcoal-types-course-lessons.html","charcoal-types-course-module-10.html"
"charcoal-types-course-lessons.html","charcoal-types-course-module-11.html"
"charcoal-types-course-lessons.html","charcoal-types-course-module-12.html"
"cotton-farming-course.html","auth-system.js"
"cotton-farming-course.html","enrollment-system.js"
"cotton-farming-course.html","course-protection.js"
"course-info-new.html","' + S.course + '"
"course-info-new.html","' + S.cert + '"
"course-info-new.html","' + S.print + '"
"course-info.html","' + S.course + '"
"course-info.html","' + S.cert + '"
"course-info.html","' + S.print + '"
"dashboard.html","${coursePage}"
"deepseek_html_20260909_7ce4a8.html","style.css"
"deepseek_html_20260909_7ce4a8.html","soap-making-module-1.html"
"deepseek_html_20260909_7ce4a8.html","soap-making-module-2.html"
"deepseek_html_20260909_7ce4a8.html","soap-making-module-3.html"
"deepseek_html_20260909_7ce4a8.html","soap-making-module-4.html"
"deepseek_html_20260909_7ce4a8.html","soap-making-module-5.html"
"deepseek_html_20260909_7ce4a8.html","soap-making-module-6.html"
"deepseek_html_20260909_7ce4a8.html","soap-making-module-7.html"
"deepseek_html_20260909_7ce4a8.html","soap-making-module-8.html"
"deepseek_html_20260909_7ce4a8.html","soap-making-module-9.html"
"deepseek_html_20260909_7ce4a8.html","soap-making-module-10.html"
"deepseek_html_20260909_7ce4a8.html","soap-making-module-11.html"
"deepseek_html_20260909_7ce4a8.html","soap-making-module-12.html"
"deepseek_html_20260909_a3e726.html","style.css"
"deepseek_html_20260909_cd5e62.html","style.css"
"deepseek_html_20260909_cd5e62.html","charcoal-types-course-module-1.html"
"deepseek_html_20260909_cd5e62.html","charcoal-types-course-module-2.html"
"deepseek_html_20260909_cd5e62.html","charcoal-types-course-module-3.html"
"deepseek_html_20260909_cd5e62.html","charcoal-types-course-module-4.html"
"deepseek_html_20260909_cd5e62.html","charcoal-types-course-module-5.html"
"deepseek_html_20260909_cd5e62.html","charcoal-types-course-module-6.html"
"deepseek_html_20260909_cd5e62.html","charcoal-types-course-module-7.html"
"deepseek_html_20260909_cd5e62.html","charcoal-types-course-module-8.html"
"deepseek_html_20260909_cd5e62.html","charcoal-types-course-module-9.html"
"deepseek_html_20260909_cd5e62.html","charcoal-types-course-module-10.html"
"deepseek_html_20260909_cd5e62.html","charcoal-types-course-module-11.html"
"deepseek_html_20260909_cd5e62.html","charcoal-types-course-module-12.html"
"deepseek_html_20260909_f914d7 (3).html","spices-course-lessons.html"
"enroll.html","auth-system.js"
"enroll.html","enrollment-system.js"
"groundnut-farming-course.html","auth-system.js"
"groundnut-farming-course.html","enrollment-system.js"
"groundnut-farming-course.html","course-protection.js"
"index (26).html","stripe-checkout.js"
"index (28).html","stripe-checkout.js"
"index (29).html","social-settings.html"
"index (29).html","stripe-checkout.js"
"index (30).html","social-settings.html"
"index (30).html","stripe-checkout.js"
"index (33).html","animal-feed-making-course.html"
"irish-potato-farming-course.html","auth-system.js"
"irish-potato-farming-course.html","enrollment-system.js"
"irish-potato-farming-course.html","course-protection.js"
"jam-making-lessons.html","style.css"
"kids.html","'+c.s+'-course.html"
"maize-farming-course.html","auth-system.js"
"maize-farming-course.html","enrollment-system.js"
"maize-farming-course.html","course-protection.js"
"mango-citrus-farming-course.html","auth-system.js"
"mango-citrus-farming-course.html","enrollment-system.js"
"mango-citrus-farming-course.html","course-protection.js"
"my-courses.html","' + esc(r.course_id) + '-lessons.html"
"my-courses.html","' + esc(s.video_url) + '"
"newsletter.html","'+x[3]+'-course.html"
"onion-farming-course.html","auth-system.js"
"onion-farming-course.html","enrollment-system.js"
"onion-farming-course.html","course-protection.js"
"potato-farming-course.html","auth-system.js"
"potato-farming-course.html","enrollment-system.js"
"potato-farming-course.html","course-protection.js"
"rice-farming-course.html","auth-system.js"
"rice-farming-course.html","enrollment-system.js"
"rice-farming-course.html","course-protection.js"
"soap-making-course.html","soap-making-module-1.html"
"soap-making-course.html","soap-making-module-2.html"
"soap-making-course.html","soap-making-module-3.html"
"soap-making-course.html","soap-making-module-4.html"
"soap-making-course.html","soap-making-module-5.html"
"soap-making-course.html","soap-making-module-6.html"
"soap-making-lessons.html","style.css"
"soap-making-lessons.html","soap-making-module-1.html"
"soap-making-lessons.html","soap-making-module-2.html"
"soap-making-lessons.html","soap-making-module-3.html"
"soap-making-lessons.html","soap-making-module-4.html"
"soap-making-lessons.html","soap-making-module-5.html"
"soap-making-lessons.html","soap-making-module-6.html"
"soap-making-lessons.html","soap-making-module-7.html"
"soap-making-lessons.html","soap-making-module-8.html"
"soap-making-lessons.html","soap-making-module-9.html"
"soap-making-lessons.html","soap-making-module-10.html"
"soap-making-lessons.html","soap-making-module-11.html"
"soap-making-lessons.html","soap-making-module-12.html"
"solar-drying-course.html","auth-system.js"
"solar-drying-course.html","enrollment-system.js"
"solar-drying-course.html","course-protection.js"
"sorghum-millet-farming-course.html","auth-system.js"
"sorghum-millet-farming-course.html","enrollment-system.js"
"sorghum-millet-farming-course.html","course-protection.js"
"soybean-farming-course.html","auth-system.js"
"soybean-farming-course.html","enrollment-system.js"
"soybean-farming-course.html","course-protection.js"
"sunflower-farming-course.html","auth-system.js"
"sunflower-farming-course.html","enrollment-system.js"
"sunflower-farming-course.html","course-protection.js"
"sweet-potato-farming-course.html","auth-system.js"
"sweet-potato-farming-course.html","enrollment-system.js"
"sweet-potato-farming-course.html","course-protection.js"
"tomato-farming-course.html","auth-system.js"
"tomato-farming-course.html","enrollment-system.js"
"tomato-farming-course.html","course-protection.js"
"vegetable-production-course.html","auth-system.js"
"vegetable-production-course.html","enrollment-system.js"
"vegetable-production-course.html","course-protection.js"
"video-library.html","${url}"
"wheat-barley-farming-course.html","auth-system.js"
"wheat-barley-farming-course.html","enrollment-system.js"
"wheat-barley-farming-course.html","course-protection.js"
"yam-farming-course.html","auth-system.js"
"yam-farming-course.html","enrollment-system.js"
"yam-farming-course.html","course-protection.js"
"assignment-review.html","' + esc(r.video_url) + '"
"avocado-farming-course.html","auth-system.js"
"avocado-farming-course.html","enrollment-system.js"
"avocado-farming-course.html","course-protection.js"
"banana-farming-course.html","auth-system.js"
"banana-farming-course.html","enrollment-system.js"
"banana-farming-course.html","course-protection.js"
"beans-legumes-farming-course.html","auth-system.js"
"beans-legumes-farming-course.html","enrollment-system.js"
"beans-legumes-farming-course.html","course-protection.js"
"beef-farming-course.html","auth-system.js"
"beef-farming-course.html","enrollment-system.js"
"beef-farming-course.html","course-protection.js"
"charcoal-types-course-lessons.html","style.css"
"charcoal-types-course-lessons.html","charcoal-types-course-module-1.html"
"charcoal-types-course-lessons.html","charcoal-types-course-module-2.html"
"charcoal-types-course-lessons.html","charcoal-types-course-module-3.html"
"charcoal-types-course-lessons.html","charcoal-types-course-module-4.html"
"charcoal-types-course-lessons.html","charcoal-types-course-module-5.html"
"charcoal-types-course-lessons.html","charcoal-types-course-module-6.html"
"charcoal-types-course-lessons.html","charcoal-types-course-module-7.html"
"charcoal-types-course-lessons.html","charcoal-types-course-module-8.html"
"charcoal-types-course-lessons.html","charcoal-types-course-module-9.html"
"charcoal-types-course-lessons.html","charcoal-types-course-module-10.html"
"charcoal-types-course-lessons.html","charcoal-types-course-module-11.html"
"charcoal-types-course-lessons.html","charcoal-types-course-module-12.html"
"cotton-farming-course.html","auth-system.js"
"cotton-farming-course.html","enrollment-system.js"
"cotton-farming-course.html","course-protection.js"
"course-info-new.html","' + S.course + '"
"course-info-new.html","' + S.cert + '"
"course-info-new.html","' + S.print + '"
"course-info.html","' + S.course + '"
"course-info.html","' + S.cert + '"
"course-info.html","' + S.print + '"
"dashboard.html","${coursePage}"
"deepseek_html_20260909_7ce4a8.html","style.css"
"deepseek_html_20260909_7ce4a8.html","soap-making-module-1.html"
"deepseek_html_20260909_7ce4a8.html","soap-making-module-2.html"
"deepseek_html_20260909_7ce4a8.html","soap-making-module-3.html"
"deepseek_html_20260909_7ce4a8.html","soap-making-module-4.html"
"deepseek_html_20260909_7ce4a8.html","soap-making-module-5.html"
"deepseek_html_20260909_7ce4a8.html","soap-making-module-6.html"
"deepseek_html_20260909_7ce4a8.html","soap-making-module-7.html"
"deepseek_html_20260909_7ce4a8.html","soap-making-module-8.html"
"deepseek_html_20260909_7ce4a8.html","soap-making-module-9.html"
"deepseek_html_20260909_7ce4a8.html","soap-making-module-10.html"
"deepseek_html_20260909_7ce4a8.html","soap-making-module-11.html"
"deepseek_html_20260909_7ce4a8.html","soap-making-module-12.html"
"deepseek_html_20260909_a3e726.html","style.css"
"deepseek_html_20260909_cd5e62.html","style.css"
"deepseek_html_20260909_cd5e62.html","charcoal-types-course-module-1.html"
"deepseek_html_20260909_cd5e62.html","charcoal-types-course-module-2.html"
"deepseek_html_20260909_cd5e62.html","charcoal-types-course-module-3.html"
"deepseek_html_20260909_cd5e62.html","charcoal-types-course-module-4.html"
"deepseek_html_20260909_cd5e62.html","charcoal-types-course-module-5.html"
"deepseek_html_20260909_cd5e62.html","charcoal-types-course-module-6.html"
"deepseek_html_20260909_cd5e62.html","charcoal-types-course-module-7.html"
"deepseek_html_20260909_cd5e62.html","charcoal-types-course-module-8.html"
"deepseek_html_20260909_cd5e62.html","charcoal-types-course-module-9.html"
"deepseek_html_20260909_cd5e62.html","charcoal-types-course-module-10.html"
"deepseek_html_20260909_cd5e62.html","charcoal-types-course-module-11.html"
"deepseek_html_20260909_cd5e62.html","charcoal-types-course-module-12.html"
"deepseek_html_20260909_f914d7 (3).html","spices-course-lessons.html"
"enroll.html","auth-system.js"
"enroll.html","enrollment-system.js"
"groundnut-farming-course.html","auth-system.js"
"groundnut-farming-course.html","enrollment-system.js"
"groundnut-farming-course.html","course-protection.js"
"index (26).html","stripe-checkout.js"
"index (28).html","stripe-checkout.js"
"index (29).html","social-settings.html"
"index (29).html","stripe-checkout.js"
"index (30).html","social-settings.html"
"index (30).html","stripe-checkout.js"
"index (33).html","animal-feed-making-course.html"
"irish-potato-farming-course.html","auth-system.js"
"irish-potato-farming-course.html","enrollment-system.js"
"irish-potato-farming-course.html","course-protection.js"
"jam-making-lessons.html","style.css"
"kids.html","'+c.s+'-course.html"
"maize-farming-course.html","auth-system.js"
"maize-farming-course.html","enrollment-system.js"
"maize-farming-course.html","course-protection.js"
"mango-citrus-farming-course.html","auth-system.js"
"mango-citrus-farming-course.html","enrollment-system.js"
"mango-citrus-farming-course.html","course-protection.js"
"my-courses.html","' + esc(r.course_id) + '-lessons.html"
"my-courses.html","' + esc(s.video_url) + '"
"newsletter.html","'+x[3]+'-course.html"
"onion-farming-course.html","auth-system.js"
"onion-farming-course.html","enrollment-system.js"
"onion-farming-course.html","course-protection.js"
"potato-farming-course.html","auth-system.js"
"potato-farming-course.html","enrollment-system.js"
"potato-farming-course.html","course-protection.js"
"rice-farming-course.html","auth-system.js"
"rice-farming-course.html","enrollment-system.js"
"rice-farming-course.html","course-protection.js"
"soap-making-course.html","soap-making-module-1.html"
"soap-making-course.html","soap-making-module-2.html"
"soap-making-course.html","soap-making-module-3.html"
"soap-making-course.html","soap-making-module-4.html"
"soap-making-course.html","soap-making-module-5.html"
"soap-making-course.html","soap-making-module-6.html"
"soap-making-lessons.html","style.css"
"soap-making-lessons.html","soap-making-module-1.html"
"soap-making-lessons.html","soap-making-module-2.html"
"soap-making-lessons.html","soap-making-module-3.html"
"soap-making-lessons.html","soap-making-module-4.html"
"soap-making-lessons.html","soap-making-module-5.html"
"soap-making-lessons.html","soap-making-module-6.html"
"soap-making-lessons.html","soap-making-module-7.html"
"soap-making-lessons.html","soap-making-module-8.html"
"soap-making-lessons.html","soap-making-module-9.html"
"soap-making-lessons.html","soap-making-module-10.html"
"soap-making-lessons.html","soap-making-module-11.html"
"soap-making-lessons.html","soap-making-module-12.html"
"solar-drying-course.html","auth-system.js"
"solar-drying-course.html","enrollment-system.js"
"solar-drying-course.html","course-protection.js"
"sorghum-millet-farming-course.html","auth-system.js"
"sorghum-millet-farming-course.html","enrollment-system.js"
"sorghum-millet-farming-course.html","course-protection.js"
"soybean-farming-course.html","auth-system.js"
"soybean-farming-course.html","enrollment-system.js"
"soybean-farming-course.html","course-protection.js"
"sunflower-farming-course.html","auth-system.js"
"sunflower-farming-course.html","enrollment-system.js"
"sunflower-farming-course.html","course-protection.js"
"sweet-potato-farming-course.html","auth-system.js"
"sweet-potato-farming-course.html","enrollment-system.js"
"sweet-potato-farming-course.html","course-protection.js"
"tomato-farming-course.html","auth-system.js"
"tomato-farming-course.html","enrollment-system.js"
"tomato-farming-course.html","course-protection.js"
"vegetable-production-course.html","auth-system.js"
"vegetable-production-course.html","enrollment-system.js"
"vegetable-production-course.html","course-protection.js"
"video-library.html","${url}"
"wheat-barley-farming-course.html","auth-system.js"
"wheat-barley-farming-course.html","enrollment-system.js"
"wheat-barley-farming-course.html","course-protection.js"
"yam-farming-course.html","auth-system.js"
"yam-farming-course.html","enrollment-system.js"
"yam-farming-course.html","course-protection.js"
"assignment-review.html","' + esc(r.video_url) + '"
"avocado-farming-course.html","auth-system.js"
"avocado-farming-course.html","enrollment-system.js"
"avocado-farming-course.html","course-protection.js"
"banana-farming-course.html","auth-system.js"
"banana-farming-course.html","enrollment-system.js"
"banana-farming-course.html","course-protection.js"
"beans-legumes-farming-course.html","auth-system.js"
"beans-legumes-farming-course.html","enrollment-system.js"
"beans-legumes-farming-course.html","course-protection.js"
"beef-farming-course.html","auth-system.js"
"beef-farming-course.html","enrollment-system.js"
"beef-farming-course.html","course-protection.js"
"charcoal-types-course-lessons.html","style.css"
"charcoal-types-course-lessons.html","charcoal-types-course-module-1.html"
"charcoal-types-course-lessons.html","charcoal-types-course-module-2.html"
"charcoal-types-course-lessons.html","charcoal-types-course-module-3.html"
"charcoal-types-course-lessons.html","charcoal-types-course-module-4.html"
"charcoal-types-course-lessons.html","charcoal-types-course-module-5.html"
"charcoal-types-course-lessons.html","charcoal-types-course-module-6.html"
"charcoal-types-course-lessons.html","charcoal-types-course-module-7.html"
"charcoal-types-course-lessons.html","charcoal-types-course-module-8.html"
"charcoal-types-course-lessons.html","charcoal-types-course-module-9.html"
"charcoal-types-course-lessons.html","charcoal-types-course-module-10.html"
"charcoal-types-course-lessons.html","charcoal-types-course-module-11.html"
"charcoal-types-course-lessons.html","charcoal-types-course-module-12.html"
"cotton-farming-course.html","auth-system.js"
"cotton-farming-course.html","enrollment-system.js"
"cotton-farming-course.html","course-protection.js"
"course-info-new.html","' + S.course + '"
"course-info-new.html","' + S.cert + '"
"course-info-new.html","' + S.print + '"
"course-info.html","' + S.course + '"
"course-info.html","' + S.cert + '"
"course-info.html","' + S.print + '"
"dashboard.html","${coursePage}"
"deepseek_html_20260909_7ce4a8.html","style.css"
"deepseek_html_20260909_7ce4a8.html","soap-making-module-1.html"
"deepseek_html_20260909_7ce4a8.html","soap-making-module-2.html"
"deepseek_html_20260909_7ce4a8.html","soap-making-module-3.html"
"deepseek_html_20260909_7ce4a8.html","soap-making-module-4.html"
"deepseek_html_20260909_7ce4a8.html","soap-making-module-5.html"
"deepseek_html_20260909_7ce4a8.html","soap-making-module-6.html"
"deepseek_html_20260909_7ce4a8.html","soap-making-module-7.html"
"deepseek_html_20260909_7ce4a8.html","soap-making-module-8.html"
"deepseek_html_20260909_7ce4a8.html","soap-making-module-9.html"
"deepseek_html_20260909_7ce4a8.html","soap-making-module-10.html"
"deepseek_html_20260909_7ce4a8.html","soap-making-module-11.html"
"deepseek_html_20260909_7ce4a8.html","soap-making-module-12.html"
"deepseek_html_20260909_a3e726.html","style.css"
"deepseek_html_20260909_cd5e62.html","style.css"
"deepseek_html_20260909_cd5e62.html","charcoal-types-course-module-1.html"
"deepseek_html_20260909_cd5e62.html","charcoal-types-course-module-2.html"
"deepseek_html_20260909_cd5e62.html","charcoal-types-course-module-3.html"
"deepseek_html_20260909_cd5e62.html","charcoal-types-course-module-4.html"
"deepseek_html_20260909_cd5e62.html","charcoal-types-course-module-5.html"
"deepseek_html_20260909_cd5e62.html","charcoal-types-course-module-6.html"
"deepseek_html_20260909_cd5e62.html","charcoal-types-course-module-7.html"
"deepseek_html_20260909_cd5e62.html","charcoal-types-course-module-8.html"
"deepseek_html_20260909_cd5e62.html","charcoal-types-course-module-9.html"
"deepseek_html_20260909_cd5e62.html","charcoal-types-course-module-10.html"
"deepseek_html_20260909_cd5e62.html","charcoal-types-course-module-11.html"
"deepseek_html_20260909_cd5e62.html","charcoal-types-course-module-12.html"
"deepseek_html_20260909_f914d7 (3).html","spices-course-lessons.html"
"enroll.html","auth-system.js"
"enroll.html","enrollment-system.js"
"groundnut-farming-course.html","auth-system.js"
"groundnut-farming-course.html","enrollment-system.js"
"groundnut-farming-course.html","course-protection.js"
"index (26).html","stripe-checkout.js"
"index (28).html","stripe-checkout.js"
"index (29).html","social-settings.html"
"index (29).html","stripe-checkout.js"
"index (30).html","social-settings.html"
"index (30).html","stripe-checkout.js"
"index (33).html","animal-feed-making-course.html"
"irish-potato-farming-course.html","auth-system.js"
"irish-potato-farming-course.html","enrollment-system.js"
"irish-potato-farming-course.html","course-protection.js"
"jam-making-lessons.html","style.css"
"kids.html","'+c.s+'-course.html"
"maize-farming-course.html","auth-system.js"
"maize-farming-course.html","enrollment-system.js"
"maize-farming-course.html","course-protection.js"
"mango-citrus-farming-course.html","auth-system.js"
"mango-citrus-farming-course.html","enrollment-system.js"
"mango-citrus-farming-course.html","course-protection.js"
"my-courses.html","' + esc(r.course_id) + '-lessons.html"
"my-courses.html","' + esc(s.video_url) + '"
"newsletter.html","'+x[3]+'-course.html"
"onion-farming-course.html","auth-system.js"
"onion-farming-course.html","enrollment-system.js"
"onion-farming-course.html","course-protection.js"
"potato-farming-course.html","auth-system.js"
"potato-farming-course.html","enrollment-system.js"
"potato-farming-course.html","course-protection.js"
"rice-farming-course.html","auth-system.js"
"rice-farming-course.html","enrollment-system.js"
"rice-farming-course.html","course-protection.js"
"soap-making-course.html","soap-making-module-1.html"
"soap-making-course.html","soap-making-module-2.html"
"soap-making-course.html","soap-making-module-3.html"
"soap-making-course.html","soap-making-module-4.html"
"soap-making-course.html","soap-making-module-5.html"
"soap-making-course.html","soap-making-module-6.html"
"soap-making-lessons.html","style.css"
"soap-making-lessons.html","soap-making-module-1.html"
"soap-making-lessons.html","soap-making-module-2.html"
"soap-making-lessons.html","soap-making-module-3.html"
"soap-making-lessons.html","soap-making-module-4.html"
"soap-making-lessons.html","soap-making-module-5.html"
"soap-making-lessons.html","soap-making-module-6.html"
"soap-making-lessons.html","soap-making-module-7.html"
"soap-making-lessons.html","soap-making-module-8.html"
"soap-making-lessons.html","soap-making-module-9.html"
"soap-making-lessons.html","soap-making-module-10.html"
"soap-making-lessons.html","soap-making-module-11.html"
"soap-making-lessons.html","soap-making-module-12.html"
"solar-drying-course.html","auth-system.js"
"solar-drying-course.html","enrollment-system.js"
"solar-drying-course.html","course-protection.js"
"sorghum-millet-farming-course.html","auth-system.js"
"sorghum-millet-farming-course.html","enrollment-system.js"
"sorghum-millet-farming-course.html","course-protection.js"
"soybean-farming-course.html","auth-system.js"
"soybean-farming-course.html","enrollment-system.js"
"soybean-farming-course.html","course-protection.js"
"sunflower-farming-course.html","auth-system.js"
"sunflower-farming-course.html","enrollment-system.js"
"sunflower-farming-course.html","course-protection.js"
"sweet-potato-farming-course.html","auth-system.js"
"sweet-potato-farming-course.html","enrollment-system.js"
"sweet-potato-farming-course.html","course-protection.js"
"tomato-farming-course.html","auth-system.js"
"tomato-farming-course.html","enrollment-system.js"
"tomato-farming-course.html","course-protection.js"
"vegetable-production-course.html","auth-system.js"
"vegetable-production-course.html","enrollment-system.js"
"vegetable-production-course.html","course-protection.js"
"video-library.html","${url}"
"wheat-barley-farming-course.html","auth-system.js"
"wheat-barley-farming-course.html","enrollment-system.js"
"wheat-barley-farming-course.html","course-protection.js"
"yam-farming-course.html","auth-system.js"
"yam-farming-course.html","enrollment-system.js"
"yam-farming-course.html","course-protection.js"
"assignment-review.html","' + esc(r.video_url) + '"
"avocado-farming-course.html","auth-system.js"
"avocado-farming-course.html","enrollment-system.js"
"avocado-farming-course.html","course-protection.js"
"banana-farming-course.html","auth-system.js"
"banana-farming-course.html","enrollment-system.js"
"banana-farming-course.html","course-protection.js"
"beans-legumes-farming-course.html","auth-system.js"
"beans-legumes-farming-course.html","enrollment-system.js"
"beans-legumes-farming-course.html","course-protection.js"
"beef-farming-course.html","auth-system.js"
"beef-farming-course.html","enrollment-system.js"
"beef-farming-course.html","course-protection.js"
"charcoal-types-course-lessons.html","style.css"
"charcoal-types-course-lessons.html","charcoal-types-course-module-1.html"
"charcoal-types-course-lessons.html","charcoal-types-course-module-2.html"
"charcoal-types-course-lessons.html","charcoal-types-course-module-3.html"
"charcoal-types-course-lessons.html","charcoal-types-course-module-4.html"
"charcoal-types-course-lessons.html","charcoal-types-course-module-5.html"
"charcoal-types-course-lessons.html","charcoal-types-course-module-6.html"
"charcoal-types-course-lessons.html","charcoal-types-course-module-7.html"
"charcoal-types-course-lessons.html","charcoal-types-course-module-8.html"
"charcoal-types-course-lessons.html","charcoal-types-course-module-9.html"
"charcoal-types-course-lessons.html","charcoal-types-course-module-10.html"
"charcoal-types-course-lessons.html","charcoal-types-course-module-11.html"
"charcoal-types-course-lessons.html","charcoal-types-course-module-12.html"
"cotton-farming-course.html","auth-system.js"
"cotton-farming-course.html","enrollment-system.js"
"cotton-farming-course.html","course-protection.js"
"course-info-new.html","' + S.course + '"
"course-info-new.html","' + S.cert + '"
"course-info-new.html","' + S.print + '"
"course-info.html","' + S.course + '"
"course-info.html","' + S.cert + '"
"course-info.html","' + S.print + '"
"dashboard.html","${coursePage}"
"deepseek_html_20260909_7ce4a8.html","style.css"
"deepseek_html_20260909_7ce4a8.html","soap-making-module-1.html"
"deepseek_html_20260909_7ce4a8.html","soap-making-module-2.html"
"deepseek_html_20260909_7ce4a8.html","soap-making-module-3.html"
"deepseek_html_20260909_7ce4a8.html","soap-making-module-4.html"
"deepseek_html_20260909_7ce4a8.html","soap-making-module-5.html"
"deepseek_html_20260909_7ce4a8.html","soap-making-module-6.html"
"deepseek_html_20260909_7ce4a8.html","soap-making-module-7.html"
"deepseek_html_20260909_7ce4a8.html","soap-making-module-8.html"
"deepseek_html_20260909_7ce4a8.html","soap-making-module-9.html"
"deepseek_html_20260909_7ce4a8.html","soap-making-module-10.html"
"deepseek_html_20260909_7ce4a8.html","soap-making-module-11.html"
"deepseek_html_20260909_7ce4a8.html","soap-making-module-12.html"
"deepseek_html_20260909_a3e726.html","style.css"
"deepseek_html_20260909_cd5e62.html","style.css"
"deepseek_html_20260909_cd5e62.html","charcoal-types-course-module-1.html"
"deepseek_html_20260909_cd5e62.html","charcoal-types-course-module-2.html"
"deepseek_html_20260909_cd5e62.html","charcoal-types-course-module-3.html"
"deepseek_html_20260909_cd5e62.html","charcoal-types-course-module-4.html"
"deepseek_html_20260909_cd5e62.html","charcoal-types-course-module-5.html"
"deepseek_html_20260909_cd5e62.html","charcoal-types-course-module-6.html"
"deepseek_html_20260909_cd5e62.html","charcoal-types-course-module-7.html"
"deepseek_html_20260909_cd5e62.html","charcoal-types-course-module-8.html"
"deepseek_html_20260909_cd5e62.html","charcoal-types-course-module-9.html"
"deepseek_html_20260909_cd5e62.html","charcoal-types-course-module-10.html"
"deepseek_html_20260909_cd5e62.html","charcoal-types-course-module-11.html"
"deepseek_html_20260909_cd5e62.html","charcoal-types-course-module-12.html"
"deepseek_html_20260909_f914d7 (3).html","spices-course-lessons.html"
"enroll.html","auth-system.js"
"enroll.html","enrollment-system.js"
"groundnut-farming-course.html","auth-system.js"
"groundnut-farming-course.html","enrollment-system.js"
"groundnut-farming-course.html","course-protection.js"
"index (26).html","stripe-checkout.js"
"index (28).html","stripe-checkout.js"
"index (29).html","social-settings.html"
"index (29).html","stripe-checkout.js"
"index (30).html","social-settings.html"
"index (30).html","stripe-checkout.js"
"index (33).html","animal-feed-making-course.html"
"irish-potato-farming-course.html","auth-system.js"
"irish-potato-farming-course.html","enrollment-system.js"
"irish-potato-farming-course.html","course-protection.js"
"jam-making-lessons.html","style.css"
"kids.html","'+c.s+'-course.html"
"maize-farming-course.html","auth-system.js"
"maize-farming-course.html","enrollment-system.js"
"maize-farming-course.html","course-protection.js"
"mango-citrus-farming-course.html","auth-system.js"
"mango-citrus-farming-course.html","enrollment-system.js"
"mango-citrus-farming-course.html","course-protection.js"
"my-courses.html","' + esc(r.course_id) + '-lessons.html"
"my-courses.html","' + esc(s.video_url) + '"
"newsletter.html","'+x[3]+'-course.html"
"onion-farming-course.html","auth-system.js"
"onion-farming-course.html","enrollment-system.js"
"onion-farming-course.html","course-protection.js"
"potato-farming-course.html","auth-system.js"
"potato-farming-course.html","enrollment-system.js"
"potato-farming-course.html","course-protection.js"
"rice-farming-course.html","auth-system.js"
"rice-farming-course.html","enrollment-system.js"
"rice-farming-course.html","course-protection.js"
"soap-making-course.html","soap-making-module-1.html"
"soap-making-course.html","soap-making-module-2.html"
"soap-making-course.html","soap-making-module-3.html"
"soap-making-course.html","soap-making-module-4.html"
"soap-making-course.html","soap-making-module-5.html"
"soap-making-course.html","soap-making-module-6.html"
"soap-making-lessons.html","style.css"
"soap-making-lessons.html","soap-making-module-1.html"
"soap-making-lessons.html","soap-making-module-2.html"
"soap-making-lessons.html","soap-making-module-3.html"
"soap-making-lessons.html","soap-making-module-4.html"
"soap-making-lessons.html","soap-making-module-5.html"
"soap-making-lessons.html","soap-making-module-6.html"
"soap-making-lessons.html","soap-making-module-7.html"
"soap-making-lessons.html","soap-making-module-8.html"
"soap-making-lessons.html","soap-making-module-9.html"
"soap-making-lessons.html","soap-making-module-10.html"
"soap-making-lessons.html","soap-making-module-11.html"
"soap-making-lessons.html","soap-making-module-12.html"
"solar-drying-course.html","auth-system.js"
"solar-drying-course.html","enrollment-system.js"
"solar-drying-course.html","course-protection.js"
"sorghum-millet-farming-course.html","auth-system.js"
"sorghum-millet-farming-course.html","enrollment-system.js"
"sorghum-millet-farming-course.html","course-protection.js"
"soybean-farming-course.html","auth-system.js"
"soybean-farming-course.html","enrollment-system.js"
"soybean-farming-course.html","course-protection.js"
"sunflower-farming-course.html","auth-system.js"
"sunflower-farming-course.html","enrollment-system.js"
"sunflower-farming-course.html","course-protection.js"
"sweet-potato-farming-course.html","auth-system.js"
"sweet-potato-farming-course.html","enrollment-system.js"
"sweet-potato-farming-course.html","course-protection.js"
"tomato-farming-course.html","auth-system.js"
"tomato-farming-course.html","enrollment-system.js"
"tomato-farming-course.html","course-protection.js"
"vegetable-production-course.html","auth-system.js"
"vegetable-production-course.html","enrollment-system.js"
"vegetable-production-course.html","course-protection.js"
"video-library.html","${url}"
"wheat-barley-farming-course.html","auth-system.js"
"wheat-barley-farming-course.html","enrollment-system.js"
"wheat-barley-farming-course.html","course-protection.js"
"yam-farming-course.html","auth-system.js"
"yam-farming-course.html","enrollment-system.js"
"yam-farming-course.html","course-protection.js"
"kids.html","'+c.s+'-course.html"
"pig-farming-module-1.html","pig-farming-course.html"
"pig-farming-module-10.html","pig-farming-course.html"
"pig-farming-module-11.html","pig-farming-course.html"
"pig-farming-module-12.html","pig-farming-course.html"
"pig-farming-module-2.html","pig-farming-course.html"
"pig-farming-module-3.html","pig-farming-course.html"
"pig-farming-module-4.html","pig-farming-course.html"
"pig-farming-module-5.html","pig-farming-course.html"
"pig-farming-module-6.html","pig-farming-course.html"
"pig-farming-module-7.html","pig-farming-course.html"
"pig-farming-module-8.html","pig-farming-course.html"
"pig-farming-module-9.html","pig-farming-course.html"
"integration-guide.html","/courses/farming/module-1-intro.html"
"module-template.html","${video.embedUrl}"
"jam-making-module-1.html","jam-making-lessons.html"
"jam-making-module-10.html","jam-making-lessons.html"
"jam-making-module-11.html","jam-making-lessons.html"
"jam-making-module-12.html","jam-making-lessons.html"
"jam-making-module-12.html","jam-making-lessons.html"
"jam-making-module-2.html","jam-making-lessons.html"
"jam-making-module-3.html","jam-making-lessons.html"
"jam-making-module-4.html","jam-making-lessons.html"
"jam-making-module-5.html","jam-making-lessons.html"
"jam-making-module-6.html","jam-making-lessons.html"
"jam-making-module-7.html","jam-making-lessons.html"
"jam-making-module-8.html","jam-making-lessons.html"
"jam-making-module-9.html","jam-making-lessons.html"
"pig-farming-module-1.html","pig-farming-course.html"
"pig-farming-module-10.html","pig-farming-course.html"
"pig-farming-module-11.html","pig-farming-course.html"
"pig-farming-module-12.html","pig-farming-course.html"
"pig-farming-module-2.html","pig-farming-course.html"
"pig-farming-module-3.html","pig-farming-course.html"
"pig-farming-module-4.html","pig-farming-course.html"
"pig-farming-module-5.html","pig-farming-course.html"
"pig-farming-module-6.html","pig-farming-course.html"
"pig-farming-module-7.html","pig-farming-course.html"
"pig-farming-module-8.html","pig-farming-course.html"
"pig-farming-module-9.html","pig-farming-course.html"
"index (29).html","social-settings.html"
"index (29).html","stripe-checkout.js"
"bakery-module-1.html","bakery-lessons.html"
"bakery-module-1.html","bakery-lessons.html"
"bakery-module-10.html","bakery-lessons.html"
"bakery-module-10.html","bakery-lessons.html"
"bakery-module-11.html","bakery-lessons.html"
"bakery-module-11.html","bakery-lessons.html"
"bakery-module-12.html","bakery-lessons.html"
"bakery-module-12.html","bakery-lessons.html"
"bakery-module-2.html","bakery-lessons.html"
"bakery-module-2.html","bakery-lessons.html"
"bakery-module-3.html","bakery-lessons.html"
"bakery-module-3.html","bakery-lessons.html"
"bakery-module-4.html","bakery-lessons.html"
"bakery-module-4.html","bakery-lessons.html"
"bakery-module-5.html","bakery-lessons.html"
"bakery-module-5.html","bakery-lessons.html"
"bakery-module-6.html","bakery-lessons.html"
"bakery-module-6.html","bakery-lessons.html"
"bakery-module-7.html","bakery-lessons.html"
"bakery-module-7.html","bakery-lessons.html"
"bakery-module-8.html","bakery-lessons.html"
"bakery-module-8.html","bakery-lessons.html"
"bakery-module-9.html","bakery-lessons.html"
"bakery-module-9.html","bakery-lessons.html"
"bee-farming-module-1.html","bee-farming-lessons.html"
"bee-farming-module-1.html","bee-farming-lessons.html"
"bee-farming-module-10.html","bee-farming-lessons.html"
"bee-farming-module-10.html","bee-farming-lessons.html"
"bee-farming-module-11.html","bee-farming-lessons.html"
"bee-farming-module-11.html","bee-farming-lessons.html"
"bee-farming-module-12.html","bee-farming-lessons.html"
"bee-farming-module-12.html","bee-farming-lessons.html"
"bee-farming-module-2.html","bee-farming-lessons.html"
"bee-farming-module-2.html","bee-farming-lessons.html"
"bee-farming-module-3.html","bee-farming-lessons.html"
"bee-farming-module-3.html","bee-farming-lessons.html"
"bee-farming-module-4.html","bee-farming-lessons.html"
"bee-farming-module-4.html","bee-farming-lessons.html"
"bee-farming-module-5.html","bee-farming-lessons.html"
"bee-farming-module-5.html","bee-farming-lessons.html"
"bee-farming-module-6.html","bee-farming-lessons.html"
"bee-farming-module-6.html","bee-farming-lessons.html"
"bee-farming-module-7.html","bee-farming-lessons.html"
"bee-farming-module-7.html","bee-farming-lessons.html"
"bee-farming-module-8.html","bee-farming-lessons.html"
"bee-farming-module-8.html","bee-farming-lessons.html"
"bee-farming-module-9.html","bee-farming-lessons.html"
"bee-farming-module-9.html","bee-farming-lessons.html"
"beef-farming-module-1.html","beef-farming-course.html"
"beef-farming-module-1.html","beef-farming-course.html"
"beef-farming-module-1.html","beef-farming-course.html"
"beef-farming-module-1.html","beef-farming-course.html"
"beef-farming-module-10.html","beef-farming-course.html"
"beef-farming-module-10.html","beef-farming-course.html"
"beef-farming-module-10.html","beef-farming-course.html"
"beef-farming-module-11.html","beef-farming-course.html"
"beef-farming-module-11.html","beef-farming-course.html"
"beef-farming-module-11.html","beef-farming-course.html"
"beef-farming-module-12.html","beef-farming-course.html"
"beef-farming-module-12.html","beef-farming-course.html"
"beef-farming-module-12.html","beef-farming-course.html"
"beef-farming-module-12.html","beef-farming-course.html"
"beef-farming-module-12.html","beef-farming-course.html"
"beef-farming-module-2.html","beef-farming-course.html"
"beef-farming-module-2.html","beef-farming-course.html"
"beef-farming-module-2.html","beef-farming-course.html"
"beef-farming-module-3.html","beef-farming-course.html"
"beef-farming-module-3.html","beef-farming-course.html"
"beef-farming-module-3.html","beef-farming-course.html"
"beef-farming-module-4.html","beef-farming-course.html"
"beef-farming-module-4.html","beef-farming-course.html"
"beef-farming-module-4.html","beef-farming-course.html"
"beef-farming-module-5.html","beef-farming-course.html"
"beef-farming-module-5.html","beef-farming-course.html"
"beef-farming-module-5.html","beef-farming-course.html"
"beef-farming-module-6.html","beef-farming-course.html"
"beef-farming-module-6.html","beef-farming-course.html"
"beef-farming-module-6.html","beef-farming-course.html"
"beef-farming-module-7.html","beef-farming-course.html"
"beef-farming-module-7.html","beef-farming-course.html"
"beef-farming-module-7.html","beef-farming-course.html"
"beef-farming-module-8.html","beef-farming-course.html"
"beef-farming-module-8.html","beef-farming-course.html"
"beef-farming-module-8.html","beef-farming-course.html"
"beef-farming-module-9.html","beef-farming-course.html"
"beef-farming-module-9.html","beef-farming-course.html"
"beef-farming-module-9.html","beef-farming-course.html"
"broiler-layers-feed-module-1.html","broiler-layers-feed-lessons.html"
"broiler-layers-feed-module-1.html","broiler-layers-feed-lessons.html"
"broiler-layers-feed-module-10.html","broiler-layers-feed-lessons.html"
"broiler-layers-feed-module-10.html","broiler-layers-feed-lessons.html"
"broiler-layers-feed-module-11.html","broiler-layers-feed-lessons.html"
"broiler-layers-feed-module-11.html","broiler-layers-feed-lessons.html"
"broiler-layers-feed-module-12.html","broiler-layers-feed-lessons.html"
"broiler-layers-feed-module-12.html","broiler-layers-feed-lessons.html"
"broiler-layers-feed-module-2.html","broiler-layers-feed-lessons.html"
"broiler-layers-feed-module-2.html","broiler-layers-feed-lessons.html"
"broiler-layers-feed-module-3.html","broiler-layers-feed-lessons.html"
"broiler-layers-feed-module-3.html","broiler-layers-feed-lessons.html"
"broiler-layers-feed-module-4.html","broiler-layers-feed-lessons.html"
"broiler-layers-feed-module-4.html","broiler-layers-feed-lessons.html"
"broiler-layers-feed-module-5.html","broiler-layers-feed-lessons.html"
"broiler-layers-feed-module-5.html","broiler-layers-feed-lessons.html"
"broiler-layers-feed-module-6.html","broiler-layers-feed-lessons.html"
"broiler-layers-feed-module-6.html","broiler-layers-feed-lessons.html"
"broiler-layers-feed-module-7.html","broiler-layers-feed-lessons.html"
"broiler-layers-feed-module-7.html","broiler-layers-feed-lessons.html"
"broiler-layers-feed-module-8.html","broiler-layers-feed-lessons.html"
"broiler-layers-feed-module-8.html","broiler-layers-feed-lessons.html"
"broiler-layers-feed-module-9.html","broiler-layers-feed-lessons.html"
"broiler-layers-feed-module-9.html","broiler-layers-feed-lessons.html"
"butchery-module-1.html","butchery-lessons.html"
"butchery-module-1.html","butchery-lessons.html"
"butchery-module-10.html","butchery-lessons.html"
"butchery-module-10.html","butchery-lessons.html"
"butchery-module-11.html","butchery-lessons.html"
"butchery-module-11.html","butchery-lessons.html"
"butchery-module-12.html","butchery-lessons.html"
"butchery-module-12.html","butchery-lessons.html"
"butchery-module-2.html","butchery-lessons.html"
"butchery-module-2.html","butchery-lessons.html"
"butchery-module-3.html","butchery-lessons.html"
"butchery-module-3.html","butchery-lessons.html"
"butchery-module-4.html","butchery-lessons.html"
"butchery-module-4.html","butchery-lessons.html"
"butchery-module-5.html","butchery-lessons.html"
"butchery-module-5.html","butchery-lessons.html"
"butchery-module-6.html","butchery-lessons.html"
"butchery-module-6.html","butchery-lessons.html"
"butchery-module-7.html","butchery-lessons.html"
"butchery-module-7.html","butchery-lessons.html"
"butchery-module-8.html","butchery-lessons.html"
"butchery-module-8.html","butchery-lessons.html"
"butchery-module-9.html","butchery-lessons.html"
"butchery-module-9.html","butchery-lessons.html"
"cassava-farming-module-1.html","cassava-farming-lessons.html"
"cassava-farming-module-1.html","cassava-farming-lessons.html"
"cassava-farming-module-10.html","cassava-farming-lessons.html"
"cassava-farming-module-10.html","cassava-farming-lessons.html"
"cassava-farming-module-11.html","cassava-farming-lessons.html"
"cassava-farming-module-11.html","cassava-farming-lessons.html"
"cassava-farming-module-12.html","cassava-farming-lessons.html"
"cassava-farming-module-12.html","cassava-farming-lessons.html"
"cassava-farming-module-2.html","cassava-farming-lessons.html"
"cassava-farming-module-2.html","cassava-farming-lessons.html"
"cassava-farming-module-3.html","cassava-farming-lessons.html"
"cassava-farming-module-3.html","cassava-farming-lessons.html"
"cassava-farming-module-4.html","cassava-farming-lessons.html"
"cassava-farming-module-4.html","cassava-farming-lessons.html"
"cassava-farming-module-5.html","cassava-farming-lessons.html"
"cassava-farming-module-5.html","cassava-farming-lessons.html"
"cassava-farming-module-6.html","cassava-farming-lessons.html"
"cassava-farming-module-6.html","cassava-farming-lessons.html"
"cassava-farming-module-7.html","cassava-farming-lessons.html"
"cassava-farming-module-7.html","cassava-farming-lessons.html"
"cassava-farming-module-8.html","cassava-farming-lessons.html"
"cassava-farming-module-8.html","cassava-farming-lessons.html"
"cassava-farming-module-9.html","cassava-farming-lessons.html"
"cassava-farming-module-9.html","cassava-farming-lessons.html"
"cat-breeding-module-1.html","cat-breeding-course.html"
"cat-breeding-module-1.html","cat-breeding-course.html"
"cat-breeding-module-1.html","cat-breeding-course.html"
"cat-breeding-module-1.html","cat-breeding-course.html"
"cat-breeding-module-10.html","cat-breeding-course.html"
"cat-breeding-module-10.html","cat-breeding-course.html"
"cat-breeding-module-10.html","cat-breeding-course.html"
"cat-breeding-module-11.html","cat-breeding-course.html"
"cat-breeding-module-11.html","cat-breeding-course.html"
"cat-breeding-module-11.html","cat-breeding-course.html"
"cat-breeding-module-12.html","cat-breeding-course.html"
"cat-breeding-module-12.html","cat-breeding-course.html"
"cat-breeding-module-12.html","cat-breeding-course.html"
"cat-breeding-module-12.html","cat-breeding-course.html"
"cat-breeding-module-12.html","cat-breeding-course.html"
"cat-breeding-module-2.html","cat-breeding-course.html"
"cat-breeding-module-2.html","cat-breeding-course.html"
"cat-breeding-module-2.html","cat-breeding-course.html"
"cat-breeding-module-3.html","cat-breeding-course.html"
"cat-breeding-module-3.html","cat-breeding-course.html"
"cat-breeding-module-3.html","cat-breeding-course.html"
"cat-breeding-module-4.html","cat-breeding-course.html"
"cat-breeding-module-4.html","cat-breeding-course.html"
"cat-breeding-module-4.html","cat-breeding-course.html"
"cat-breeding-module-5.html","cat-breeding-course.html"
"cat-breeding-module-5.html","cat-breeding-course.html"
"cat-breeding-module-5.html","cat-breeding-course.html"
"cat-breeding-module-6.html","cat-breeding-course.html"
"cat-breeding-module-6.html","cat-breeding-course.html"
"cat-breeding-module-6.html","cat-breeding-course.html"
"cat-breeding-module-7.html","cat-breeding-course.html"
"cat-breeding-module-7.html","cat-breeding-course.html"
"cat-breeding-module-7.html","cat-breeding-course.html"
"cat-breeding-module-8.html","cat-breeding-course.html"
"cat-breeding-module-8.html","cat-breeding-course.html"
"cat-breeding-module-8.html","cat-breeding-course.html"
"cat-breeding-module-9.html","cat-breeding-course.html"
"cat-breeding-module-9.html","cat-breeding-course.html"
"cat-breeding-module-9.html","cat-breeding-course.html"
"cattle-farming-module-1.html","cattle-farming-lessons.html"
"cattle-farming-module-1.html","cattle-farming-lessons.html"
"cattle-farming-module-10.html","cattle-farming-lessons.html"
"cattle-farming-module-10.html","cattle-farming-lessons.html"
"cattle-farming-module-11.html","cattle-farming-lessons.html"
"cattle-farming-module-11.html","cattle-farming-lessons.html"
"cattle-farming-module-12.html","cattle-farming-lessons.html"
"cattle-farming-module-12.html","cattle-farming-lessons.html"
"cattle-farming-module-2.html","cattle-farming-lessons.html"
"cattle-farming-module-2.html","cattle-farming-lessons.html"
"cattle-farming-module-3.html","cattle-farming-lessons.html"
"cattle-farming-module-3.html","cattle-farming-lessons.html"
"cattle-farming-module-4.html","cattle-farming-lessons.html"
"cattle-farming-module-4.html","cattle-farming-lessons.html"
"cattle-farming-module-5.html","cattle-farming-lessons.html"
"cattle-farming-module-5.html","cattle-farming-lessons.html"
"cattle-farming-module-6.html","cattle-farming-lessons.html"
"cattle-farming-module-6.html","cattle-farming-lessons.html"
"cattle-farming-module-7.html","cattle-farming-lessons.html"
"cattle-farming-module-7.html","cattle-farming-lessons.html"
"cattle-farming-module-8.html","cattle-farming-lessons.html"
"cattle-farming-module-8.html","cattle-farming-lessons.html"
"cattle-farming-module-9.html","cattle-farming-lessons.html"
"cattle-farming-module-9.html","cattle-farming-lessons.html"
"cattle-steer-feed-module-1.html","cattle-steer-feed-lessons.html"
"cattle-steer-feed-module-1.html","cattle-steer-feed-lessons.html"
"cattle-steer-feed-module-10.html","cattle-steer-feed-lessons.html"
"cattle-steer-feed-module-10.html","cattle-steer-feed-lessons.html"
"cattle-steer-feed-module-11.html","cattle-steer-feed-lessons.html"
"cattle-steer-feed-module-11.html","cattle-steer-feed-lessons.html"
"cattle-steer-feed-module-12.html","cattle-steer-feed-lessons.html"
"cattle-steer-feed-module-12.html","cattle-steer-feed-lessons.html"
"cattle-steer-feed-module-2.html","cattle-steer-feed-lessons.html"
"cattle-steer-feed-module-2.html","cattle-steer-feed-lessons.html"
"cattle-steer-feed-module-3.html","cattle-steer-feed-lessons.html"
"cattle-steer-feed-module-3.html","cattle-steer-feed-lessons.html"
"cattle-steer-feed-module-4.html","cattle-steer-feed-lessons.html"
"cattle-steer-feed-module-4.html","cattle-steer-feed-lessons.html"
"cattle-steer-feed-module-5.html","cattle-steer-feed-lessons.html"
"cattle-steer-feed-module-5.html","cattle-steer-feed-lessons.html"
"cattle-steer-feed-module-6.html","cattle-steer-feed-lessons.html"
"cattle-steer-feed-module-6.html","cattle-steer-feed-lessons.html"
"cattle-steer-feed-module-7.html","cattle-steer-feed-lessons.html"
"cattle-steer-feed-module-7.html","cattle-steer-feed-lessons.html"
"cattle-steer-feed-module-8.html","cattle-steer-feed-lessons.html"
"cattle-steer-feed-module-8.html","cattle-steer-feed-lessons.html"
"cattle-steer-feed-module-9.html","cattle-steer-feed-lessons.html"
"cattle-steer-feed-module-9.html","cattle-steer-feed-lessons.html"
"dairy-production-module-1.html","dairy-production-lessons.html"
"dairy-production-module-1.html","dairy-production-lessons.html"
"dairy-production-module-10.html","dairy-production-lessons.html"
"dairy-production-module-10.html","dairy-production-lessons.html"
"dairy-production-module-11.html","dairy-production-lessons.html"
"dairy-production-module-11.html","dairy-production-lessons.html"
"dairy-production-module-12.html","dairy-production-lessons.html"
"dairy-production-module-12.html","dairy-production-lessons.html"
"dairy-production-module-2.html","dairy-production-lessons.html"
"dairy-production-module-2.html","dairy-production-lessons.html"
"dairy-production-module-3.html","dairy-production-lessons.html"
"dairy-production-module-3.html","dairy-production-lessons.html"
"dairy-production-module-4.html","dairy-production-lessons.html"
"dairy-production-module-4.html","dairy-production-lessons.html"
"dairy-production-module-5.html","dairy-production-lessons.html"
"dairy-production-module-5.html","dairy-production-lessons.html"
"dairy-production-module-6.html","dairy-production-lessons.html"
"dairy-production-module-6.html","dairy-production-lessons.html"
"dairy-production-module-7.html","dairy-production-lessons.html"
"dairy-production-module-7.html","dairy-production-lessons.html"
"dairy-production-module-8.html","dairy-production-lessons.html"
"dairy-production-module-8.html","dairy-production-lessons.html"
"dairy-production-module-9.html","dairy-production-lessons.html"
"dairy-production-module-9.html","dairy-production-lessons.html"
"dog-breeding-module-1.html","dog-breeding-course.html"
"dog-breeding-module-1.html","dog-breeding-course.html"
"dog-breeding-module-1.html","dog-breeding-course.html"
"dog-breeding-module-1.html","dog-breeding-course.html"
"dog-breeding-module-10.html","dog-breeding-course.html"
"dog-breeding-module-10.html","dog-breeding-course.html"
"dog-breeding-module-10.html","dog-breeding-course.html"
"dog-breeding-module-11.html","dog-breeding-course.html"
"dog-breeding-module-11.html","dog-breeding-course.html"
"dog-breeding-module-11.html","dog-breeding-course.html"
"dog-breeding-module-12.html","dog-breeding-course.html"
"dog-breeding-module-12.html","dog-breeding-course.html"
"dog-breeding-module-12.html","dog-breeding-course.html"
"dog-breeding-module-12.html","dog-breeding-course.html"
"dog-breeding-module-12.html","dog-breeding-course.html"
"dog-breeding-module-2.html","dog-breeding-course.html"
"dog-breeding-module-2.html","dog-breeding-course.html"
"dog-breeding-module-2.html","dog-breeding-course.html"
"dog-breeding-module-3.html","dog-breeding-course.html"
"dog-breeding-module-3.html","dog-breeding-course.html"
"dog-breeding-module-3.html","dog-breeding-course.html"
"dog-breeding-module-4.html","dog-breeding-course.html"
"dog-breeding-module-4.html","dog-breeding-course.html"
"dog-breeding-module-4.html","dog-breeding-course.html"
"dog-breeding-module-5.html","dog-breeding-course.html"
"dog-breeding-module-5.html","dog-breeding-course.html"
"dog-breeding-module-5.html","dog-breeding-course.html"
"dog-breeding-module-6.html","dog-breeding-course.html"
"dog-breeding-module-6.html","dog-breeding-course.html"
"dog-breeding-module-6.html","dog-breeding-course.html"
"dog-breeding-module-7.html","dog-breeding-course.html"
"dog-breeding-module-7.html","dog-breeding-course.html"
"dog-breeding-module-7.html","dog-breeding-course.html"
"dog-breeding-module-8.html","dog-breeding-course.html"
"dog-breeding-module-8.html","dog-breeding-course.html"
"dog-breeding-module-8.html","dog-breeding-course.html"
"dog-breeding-module-9.html","dog-breeding-course.html"
"dog-breeding-module-9.html","dog-breeding-course.html"
"dog-breeding-module-9.html","dog-breeding-course.html"
"dog-cat-feed-module-1.html","dog-cat-feed-lessons.html"
"dog-cat-feed-module-1.html","dog-cat-feed-lessons.html"
"dog-cat-feed-module-10.html","dog-cat-feed-lessons.html"
"dog-cat-feed-module-10.html","dog-cat-feed-lessons.html"
"dog-cat-feed-module-11.html","dog-cat-feed-lessons.html"
"dog-cat-feed-module-11.html","dog-cat-feed-lessons.html"
"dog-cat-feed-module-12.html","dog-cat-feed-lessons.html"
"dog-cat-feed-module-12.html","dog-cat-feed-lessons.html"
"dog-cat-feed-module-2.html","dog-cat-feed-lessons.html"
"dog-cat-feed-module-2.html","dog-cat-feed-lessons.html"
"dog-cat-feed-module-3.html","dog-cat-feed-lessons.html"
"dog-cat-feed-module-3.html","dog-cat-feed-lessons.html"
"dog-cat-feed-module-4.html","dog-cat-feed-lessons.html"
"dog-cat-feed-module-4.html","dog-cat-feed-lessons.html"
"dog-cat-feed-module-5.html","dog-cat-feed-lessons.html"
"dog-cat-feed-module-5.html","dog-cat-feed-lessons.html"
"dog-cat-feed-module-6.html","dog-cat-feed-lessons.html"
"dog-cat-feed-module-6.html","dog-cat-feed-lessons.html"
"dog-cat-feed-module-7.html","dog-cat-feed-lessons.html"
"dog-cat-feed-module-7.html","dog-cat-feed-lessons.html"
"dog-cat-feed-module-8.html","dog-cat-feed-lessons.html"
"dog-cat-feed-module-8.html","dog-cat-feed-lessons.html"
"dog-cat-feed-module-9.html","dog-cat-feed-lessons.html"
"dog-cat-feed-module-9.html","dog-cat-feed-lessons.html"
"engine-fundamentals-module-1.html","engine-fundamentals-course.html"
"engine-fundamentals-module-10.html","engine-fundamentals-course.html"
"engine-fundamentals-module-11.html","engine-fundamentals-course.html"
"engine-fundamentals-module-12.html","engine-fundamentals-course.html"
"engine-fundamentals-module-13.html","engine-fundamentals-course.html"
"engine-fundamentals-module-14.html","engine-fundamentals-course.html"
"engine-fundamentals-module-15.html","engine-fundamentals-course.html"
"engine-fundamentals-module-16.html","engine-fundamentals-course.html"
"engine-fundamentals-module-17.html","engine-fundamentals-course.html"
"engine-fundamentals-module-18.html","engine-fundamentals-course.html"
"engine-fundamentals-module-19.html","engine-fundamentals-course.html"
"engine-fundamentals-module-2.html","engine-fundamentals-course.html"
"engine-fundamentals-module-20.html","engine-fundamentals-course.html"
"engine-fundamentals-module-21.html","engine-fundamentals-course.html"
"engine-fundamentals-module-22.html","engine-fundamentals-course.html"
"engine-fundamentals-module-23.html","engine-fundamentals-course.html"
"engine-fundamentals-module-24.html","engine-fundamentals-course.html"
"engine-fundamentals-module-25.html","engine-fundamentals-course.html"
"engine-fundamentals-module-26.html","engine-fundamentals-course.html"
"engine-fundamentals-module-27.html","engine-fundamentals-course.html"
"engine-fundamentals-module-28.html","engine-fundamentals-course.html"
"engine-fundamentals-module-29.html","engine-fundamentals-course.html"
"engine-fundamentals-module-3.html","engine-fundamentals-course.html"
"engine-fundamentals-module-30.html","engine-fundamentals-course.html"
"engine-fundamentals-module-31.html","engine-fundamentals-course.html"
"engine-fundamentals-module-32.html","engine-fundamentals-course.html"
"engine-fundamentals-module-33.html","engine-fundamentals-course.html"
"engine-fundamentals-module-34.html","engine-fundamentals-course.html"
"engine-fundamentals-module-35.html","engine-fundamentals-course.html"
"engine-fundamentals-module-36.html","engine-fundamentals-course.html"
"engine-fundamentals-module-37.html","engine-fundamentals-course.html"
"engine-fundamentals-module-38.html","engine-fundamentals-course.html"
"engine-fundamentals-module-39.html","engine-fundamentals-course.html"
"engine-fundamentals-module-4.html","engine-fundamentals-course.html"
"engine-fundamentals-module-40.html","engine-fundamentals-course.html"
"engine-fundamentals-module-41.html","engine-fundamentals-course.html"
"engine-fundamentals-module-42.html","engine-fundamentals-course.html"
"engine-fundamentals-module-43.html","engine-fundamentals-course.html"
"engine-fundamentals-module-44.html","engine-fundamentals-course.html"
"engine-fundamentals-module-45.html","engine-fundamentals-course.html"
"engine-fundamentals-module-46.html","engine-fundamentals-course.html"
"engine-fundamentals-module-46.html","engine-fundamentals-course.html"
"engine-fundamentals-module-5.html","engine-fundamentals-course.html"
"engine-fundamentals-module-6.html","engine-fundamentals-course.html"
"engine-fundamentals-module-7.html","engine-fundamentals-course.html"
"engine-fundamentals-module-8.html","engine-fundamentals-course.html"
"engine-fundamentals-module-9.html","engine-fundamentals-course.html"
"engine-to-irrigation-pump-module-1.html","engine-to-irrigation-pump-course.html"
"engine-to-irrigation-pump-module-10.html","engine-to-irrigation-pump-course.html"
"engine-to-irrigation-pump-module-11.html","engine-to-irrigation-pump-course.html"
"engine-to-irrigation-pump-module-12.html","engine-to-irrigation-pump-course.html"
"engine-to-irrigation-pump-module-12.html","engine-to-irrigation-pump-course.html"
"engine-to-irrigation-pump-module-2.html","engine-to-irrigation-pump-course.html"
"engine-to-irrigation-pump-module-3.html","engine-to-irrigation-pump-course.html"
"engine-to-irrigation-pump-module-4.html","engine-to-irrigation-pump-course.html"
"engine-to-irrigation-pump-module-5.html","engine-to-irrigation-pump-course.html"
"engine-to-irrigation-pump-module-6.html","engine-to-irrigation-pump-course.html"
"engine-to-irrigation-pump-module-7.html","engine-to-irrigation-pump-course.html"
"engine-to-irrigation-pump-module-7.html","engine-to-irrigation-pump-course.html"
"engine-to-irrigation-pump-module-7.html","engine-to-irrigation-pump-course.html"
"engine-to-irrigation-pump-module-8.html","engine-to-irrigation-pump-course.html"
"engine-to-irrigation-pump-module-8.html","engine-to-irrigation-pump-course.html"
"engine-to-irrigation-pump-module-8.html","engine-to-irrigation-pump-course.html"
"engine-to-irrigation-pump-module-9.html","engine-to-irrigation-pump-course.html"
"engine-to-irrigation-pump-module-9.html","engine-to-irrigation-pump-course.html"
"engine-to-irrigation-pump-module-9.html","engine-to-irrigation-pump-course.html"
"fish-feed-module-1.html","fish-feed-lessons.html"
"fish-feed-module-1.html","fish-feed-lessons.html"
"fish-feed-module-10.html","fish-feed-lessons.html"
"fish-feed-module-10.html","fish-feed-lessons.html"
"fish-feed-module-11.html","fish-feed-lessons.html"
"fish-feed-module-11.html","fish-feed-lessons.html"
"fish-feed-module-12.html","fish-feed-lessons.html"
"fish-feed-module-12.html","fish-feed-lessons.html"
"fish-feed-module-2.html","fish-feed-lessons.html"
"fish-feed-module-2.html","fish-feed-lessons.html"
"fish-feed-module-3.html","fish-feed-lessons.html"
"fish-feed-module-3.html","fish-feed-lessons.html"
"fish-feed-module-4.html","fish-feed-lessons.html"
"fish-feed-module-4.html","fish-feed-lessons.html"
"fish-feed-module-5.html","fish-feed-lessons.html"
"fish-feed-module-5.html","fish-feed-lessons.html"
"fish-feed-module-6.html","fish-feed-lessons.html"
"fish-feed-module-6.html","fish-feed-lessons.html"
"fish-feed-module-7.html","fish-feed-lessons.html"
"fish-feed-module-7.html","fish-feed-lessons.html"
"fish-feed-module-8.html","fish-feed-lessons.html"
"fish-feed-module-8.html","fish-feed-lessons.html"
"fish-feed-module-9.html","fish-feed-lessons.html"
"fish-feed-module-9.html","fish-feed-lessons.html"
"fortified-corn-soy-porridge-module-1.html","fortified-corn-soy-porridge-course.html"
"fortified-corn-soy-porridge-module-1.html","fortified-corn-soy-porridge-course.html"
"fortified-corn-soy-porridge-module-1.html","fortified-corn-soy-porridge-course.html"
"fortified-corn-soy-porridge-module-10.html","fortified-corn-soy-porridge-course.html"
"fortified-corn-soy-porridge-module-11.html","fortified-corn-soy-porridge-course.html"
"fortified-corn-soy-porridge-module-12.html","fortified-corn-soy-porridge-course.html"
"fortified-corn-soy-porridge-module-12.html","fortified-corn-soy-porridge-course.html"
"fortified-corn-soy-porridge-module-2.html","fortified-corn-soy-porridge-course.html"
"fortified-corn-soy-porridge-module-2.html","fortified-corn-soy-porridge-course.html"
"fortified-corn-soy-porridge-module-2.html","fortified-corn-soy-porridge-course.html"
"fortified-corn-soy-porridge-module-3.html","fortified-corn-soy-porridge-course.html"
"fortified-corn-soy-porridge-module-3.html","fortified-corn-soy-porridge-course.html"
"fortified-corn-soy-porridge-module-3.html","fortified-corn-soy-porridge-course.html"
"fortified-corn-soy-porridge-module-4.html","fortified-corn-soy-porridge-course.html"
"fortified-corn-soy-porridge-module-4.html","fortified-corn-soy-porridge-course.html"
"fortified-corn-soy-porridge-module-4.html","fortified-corn-soy-porridge-course.html"
"fortified-corn-soy-porridge-module-5.html","fortified-corn-soy-porridge-course.html"
"fortified-corn-soy-porridge-module-5.html","fortified-corn-soy-porridge-course.html"
"fortified-corn-soy-porridge-module-5.html","fortified-corn-soy-porridge-course.html"
"fortified-corn-soy-porridge-module-6.html","fortified-corn-soy-porridge-course.html"
"fortified-corn-soy-porridge-module-6.html","fortified-corn-soy-porridge-course.html"
"fortified-corn-soy-porridge-module-6.html","fortified-corn-soy-porridge-course.html"
"fortified-corn-soy-porridge-module-7.html","fortified-corn-soy-porridge-course.html"
"fortified-corn-soy-porridge-module-7.html","fortified-corn-soy-porridge-course.html"
"fortified-corn-soy-porridge-module-7.html","fortified-corn-soy-porridge-course.html"
"fortified-corn-soy-porridge-module-8.html","fortified-corn-soy-porridge-course.html"
"fortified-corn-soy-porridge-module-9.html","fortified-corn-soy-porridge-course.html"
"leather-working-module-1.html","leather-working-lessons.html"
"leather-working-module-1.html","leather-working-lessons.html"
"leather-working-module-10.html","leather-working-lessons.html"
"leather-working-module-10.html","leather-working-lessons.html"
"leather-working-module-11.html","leather-working-lessons.html"
"leather-working-module-11.html","leather-working-lessons.html"
"leather-working-module-12.html","leather-working-lessons.html"
"leather-working-module-12.html","leather-working-lessons.html"
"leather-working-module-2.html","leather-working-lessons.html"
"leather-working-module-2.html","leather-working-lessons.html"
"leather-working-module-3.html","leather-working-lessons.html"
"leather-working-module-3.html","leather-working-lessons.html"
"leather-working-module-4.html","leather-working-lessons.html"
"leather-working-module-4.html","leather-working-lessons.html"
"leather-working-module-5.html","leather-working-lessons.html"
"leather-working-module-5.html","leather-working-lessons.html"
"leather-working-module-6.html","leather-working-lessons.html"
"leather-working-module-6.html","leather-working-lessons.html"
"leather-working-module-7.html","leather-working-lessons.html"
"leather-working-module-7.html","leather-working-lessons.html"
"leather-working-module-8.html","leather-working-lessons.html"
"leather-working-module-8.html","leather-working-lessons.html"
"leather-working-module-9.html","leather-working-lessons.html"
"leather-working-module-9.html","leather-working-lessons.html"
"mushroom-farming-module-1.html","mushroom-farming-lessons.html"
"mushroom-farming-module-1.html","mushroom-farming-lessons.html"
"mushroom-farming-module-10.html","mushroom-farming-lessons.html"
"mushroom-farming-module-10.html","mushroom-farming-lessons.html"
"mushroom-farming-module-11.html","mushroom-farming-lessons.html"
"mushroom-farming-module-11.html","mushroom-farming-lessons.html"
"mushroom-farming-module-12.html","mushroom-farming-lessons.html"
"mushroom-farming-module-12.html","mushroom-farming-lessons.html"
"mushroom-farming-module-2.html","mushroom-farming-lessons.html"
"mushroom-farming-module-2.html","mushroom-farming-lessons.html"
"mushroom-farming-module-3.html","mushroom-farming-lessons.html"
"mushroom-farming-module-3.html","mushroom-farming-lessons.html"
"mushroom-farming-module-4.html","mushroom-farming-lessons.html"
"mushroom-farming-module-4.html","mushroom-farming-lessons.html"
"mushroom-farming-module-5.html","mushroom-farming-lessons.html"
"mushroom-farming-module-5.html","mushroom-farming-lessons.html"
"mushroom-farming-module-6.html","mushroom-farming-lessons.html"
"mushroom-farming-module-6.html","mushroom-farming-lessons.html"
"mushroom-farming-module-7.html","mushroom-farming-lessons.html"
"mushroom-farming-module-7.html","mushroom-farming-lessons.html"
"mushroom-farming-module-8.html","mushroom-farming-lessons.html"
"mushroom-farming-module-8.html","mushroom-farming-lessons.html"
"mushroom-farming-module-9.html","mushroom-farming-lessons.html"
"mushroom-farming-module-9.html","mushroom-farming-lessons.html"
"pig-farming-module-1.html","pig-farming-lessons.html"
"pig-farming-module-1.html","pig-farming-lessons.html"
"pig-farming-module-10.html","pig-farming-lessons.html"
"pig-farming-module-10.html","pig-farming-lessons.html"
"pig-farming-module-11.html","pig-farming-lessons.html"
"pig-farming-module-11.html","pig-farming-lessons.html"
"pig-farming-module-12.html","pig-farming-lessons.html"
"pig-farming-module-12.html","pig-farming-lessons.html"
"pig-farming-module-12.html","pig-farming-lessons.html"
"pig-farming-module-2.html","pig-farming-lessons.html"
"pig-farming-module-2.html","pig-farming-lessons.html"
"pig-farming-module-3.html","pig-farming-lessons.html"
"pig-farming-module-3.html","pig-farming-lessons.html"
"pig-farming-module-4.html","pig-farming-lessons.html"
"pig-farming-module-4.html","pig-farming-lessons.html"
"pig-farming-module-5.html","pig-farming-lessons.html"
"pig-farming-module-5.html","pig-farming-lessons.html"
"pig-farming-module-6.html","pig-farming-lessons.html"
"pig-farming-module-6.html","pig-farming-lessons.html"
"pig-farming-module-7.html","pig-farming-lessons.html"
"pig-farming-module-7.html","pig-farming-lessons.html"
"pig-farming-module-8.html","pig-farming-lessons.html"
"pig-farming-module-8.html","pig-farming-lessons.html"
"pig-farming-module-9.html","pig-farming-lessons.html"
"pig-farming-module-9.html","pig-farming-lessons.html"
"pig-feed-module-1.html","pig-feed-lessons.html"
"pig-feed-module-1.html","pig-feed-lessons.html"
"pig-feed-module-10.html","pig-feed-lessons.html"
"pig-feed-module-10.html","pig-feed-lessons.html"
"pig-feed-module-11.html","pig-feed-lessons.html"
"pig-feed-module-11.html","pig-feed-lessons.html"
"pig-feed-module-12.html","pig-feed-lessons.html"
"pig-feed-module-12.html","pig-feed-lessons.html"
"pig-feed-module-2.html","pig-feed-lessons.html"
"pig-feed-module-2.html","pig-feed-lessons.html"
"pig-feed-module-3.html","pig-feed-lessons.html"
"pig-feed-module-3.html","pig-feed-lessons.html"
"pig-feed-module-4.html","pig-feed-lessons.html"
"pig-feed-module-4.html","pig-feed-lessons.html"
"pig-feed-module-5.html","pig-feed-lessons.html"
"pig-feed-module-5.html","pig-feed-lessons.html"
"pig-feed-module-6.html","pig-feed-lessons.html"
"pig-feed-module-6.html","pig-feed-lessons.html"
"pig-feed-module-7.html","pig-feed-lessons.html"
"pig-feed-module-7.html","pig-feed-lessons.html"
"pig-feed-module-8.html","pig-feed-lessons.html"
"pig-feed-module-8.html","pig-feed-lessons.html"
"pig-feed-module-9.html","pig-feed-lessons.html"
"pig-feed-module-9.html","pig-feed-lessons.html"
"rice-farming-module-1.html","rice-farming-course.html"
"rice-farming-module-1.html","rice-farming-course.html"
"rice-farming-module-1.html","rice-farming-course.html"
"rice-farming-module-1.html","rice-farming-course.html"
"rice-farming-module-10.html","rice-farming-course.html"
"rice-farming-module-10.html","rice-farming-course.html"
"rice-farming-module-10.html","rice-farming-course.html"
"rice-farming-module-11.html","rice-farming-course.html"
"rice-farming-module-11.html","rice-farming-course.html"
"rice-farming-module-11.html","rice-farming-course.html"
"rice-farming-module-12.html","rice-farming-course.html"
"rice-farming-module-12.html","rice-farming-course.html"
"rice-farming-module-12.html","rice-farming-course.html"
"rice-farming-module-12.html","rice-farming-course.html"
"rice-farming-module-12.html","rice-farming-course.html"
"rice-farming-module-2.html","rice-farming-course.html"
"rice-farming-module-2.html","rice-farming-course.html"
"rice-farming-module-2.html","rice-farming-course.html"
"rice-farming-module-3.html","rice-farming-course.html"
"rice-farming-module-3.html","rice-farming-course.html"
"rice-farming-module-3.html","rice-farming-course.html"
"rice-farming-module-4.html","rice-farming-course.html"
"rice-farming-module-4.html","rice-farming-course.html"
"rice-farming-module-4.html","rice-farming-course.html"
"rice-farming-module-5.html","rice-farming-course.html"
"rice-farming-module-5.html","rice-farming-course.html"
"rice-farming-module-5.html","rice-farming-course.html"
"rice-farming-module-6.html","rice-farming-course.html"
"rice-farming-module-6.html","rice-farming-course.html"
"rice-farming-module-6.html","rice-farming-course.html"
"rice-farming-module-7.html","rice-farming-course.html"
"rice-farming-module-7.html","rice-farming-course.html"
"rice-farming-module-7.html","rice-farming-course.html"
"rice-farming-module-8.html","rice-farming-course.html"
"rice-farming-module-8.html","rice-farming-course.html"
"rice-farming-module-8.html","rice-farming-course.html"
"rice-farming-module-9.html","rice-farming-course.html"
"rice-farming-module-9.html","rice-farming-course.html"
"rice-farming-module-9.html","rice-farming-course.html"
"all-courses.html","' + item.key + '-course.html"
"all-courses.html","' + S.course + '"
"all-courses.html","' + S.cert + '"
"all-courses.html","' + S.print + '"
"all-courses.html","' + item.key + '-course.html"
"all-courses.html","' + S.course + '"
"all-courses.html","' + S.cert + '"
"all-courses.html","' + S.print + '"
"all-courses.html","' + item.key + '-course.html"
"all-courses.html","' + S.course + '"
"all-courses.html","' + S.cert + '"
"all-courses.html","' + S.print + '"
"all-courses.html","' + item.key + '-course.html"
"all-courses.html","' + S.course + '"
"all-courses.html","' + S.cert + '"
"all-courses.html","' + S.print + '"
"all-courses.html","' + item.key + '-course.html"
"all-courses.html","' + S.course + '"
"all-courses.html","' + S.cert + '"
"all-courses.html","' + S.print + '"
"index.html","bakery-course.html"
"index.html","bee-farming-course.html"
"index.html","beef-farming-course.html"
"index.html","broiler-layers-feed-course.html"
"index.html","butchery-course.html"
"index.html","cassava-farming-course.html"
"index.html","cat-breeding-course.html"
"index.html","cattle-farming-course.html"
"index.html","cattle-steer-feed-course.html"
"index.html","dairy-production-course.html"
"index.html","dog-breeding-course.html"
"index.html","dog-cat-feed-course.html"
"index.html","engine-to-irrigation-pump-course.html"
"index.html","fish-feed-course.html"
"index.html","fortified-corn-soy-porridge-course.html"
"index.html","goat-farming-course.html"
"index.html","guinea-quail-farming-course.html"
"index.html","horse-breeding-course.html"
"index.html","leather-working-course.html"
"index.html","mushroom-farming-course.html"
"index.html","rice-farming-course.html"
"index.html","sheep-farming-course.html"
"index.html","engine-fundamentals-course.html"
"index.html","sorghum-millet-farming-course.html"
"index.html","vegetable-production-course.html"
"index.html","sweet-potato-farming-course.html"
"index.html","beans-legumes-farming-course.html"
"index.html","groundnut-farming-course.html"
"index.html","irish-potato-farming-course.html"
"index.html","yam-farming-course.html"
"index.html","soybean-farming-course.html"
"index.html","wheat-barley-farming-course.html"
"index.html","pig-farming-course.html"
"index.html","pig-feed-course.html"
"index.html","bakery-course.html"
"index.html","bee-farming-course.html"
"index.html","beef-farming-course.html"
"index.html","broiler-layers-feed-course.html"
"index.html","butchery-course.html"
"index.html","cassava-farming-course.html"
"index.html","cat-breeding-course.html"
"index.html","cattle-farming-course.html"
"index.html","cattle-steer-feed-course.html"
"index.html","dairy-production-course.html"
"index.html","dog-breeding-course.html"
"index.html","dog-cat-feed-course.html"
"index.html","engine-to-irrigation-pump-course.html"
"index.html","fish-feed-course.html"
"index.html","fortified-corn-soy-porridge-course.html"
"index.html","goat-farming-course.html"
"index.html","guinea-quail-farming-course.html"
"index.html","horse-breeding-course.html"
"index.html","leather-working-course.html"
"index.html","mushroom-farming-course.html"
"index.html","rice-farming-course.html"
"index.html","sheep-farming-course.html"
"index.html","engine-fundamentals-course.html"
"index.html","sorghum-millet-farming-course.html"
"index.html","vegetable-production-course.html"
"index.html","sweet-potato-farming-course.html"
"index.html","beans-legumes-farming-course.html"
"index.html","groundnut-farming-course.html"
"index.html","irish-potato-farming-course.html"
"index.html","yam-farming-course.html"
"index.html","soybean-farming-course.html"
"index.html","wheat-barley-farming-course.html"
"index.html","pig-farming-course.html"
"index.html","pig-feed-course.html"
"index.html","bakery-course.html"
"index.html","bee-farming-course.html"
"index.html","beef-farming-course.html"
"index.html","broiler-layers-feed-course.html"
"index.html","butchery-course.html"
"index.html","cassava-farming-course.html"
"index.html","cat-breeding-course.html"
"index.html","cattle-farming-course.html"
"index.html","cattle-steer-feed-course.html"
"index.html","dairy-production-course.html"
"index.html","dog-breeding-course.html"
"index.html","dog-cat-feed-course.html"
"index.html","engine-to-irrigation-pump-course.html"
"index.html","fish-feed-course.html"
"index.html","fortified-corn-soy-porridge-course.html"
"index.html","goat-farming-course.html"
"index.html","guinea-quail-farming-course.html"
"index.html","horse-breeding-course.html"
"index.html","leather-working-course.html"
"index.html","mushroom-farming-course.html"
"index.html","rice-farming-course.html"
"index.html","sheep-farming-course.html"
"index.html","engine-fundamentals-course.html"
"index.html","sorghum-millet-farming-course.html"
"index.html","vegetable-production-course.html"
"index.html","sweet-potato-farming-course.html"
"index.html","beans-legumes-farming-course.html"
"index.html","groundnut-farming-course.html"
"index.html","irish-potato-farming-course.html"
"index.html","yam-farming-course.html"
"index.html","soybean-farming-course.html"
"index.html","wheat-barley-farming-course.html"
"index.html","pig-farming-course.html"
"index.html","pig-feed-course.html"
"index.html","pig-farming-lessons.html"
"index.html","food-preservation-methods-course.html"
"index.html","dehydration-course.html"
"index.html","smoking-fish-meat-course.html"
"index.html","salting-brining-course.html"
"index.html","pickling-vegetables-course.html"
"index.html","fermentation-course.html"
"index.html","canning-bottling-course.html"
"index.html","sugar-preservation-course.html"
"index.html","oil-preservation-course.html"
"index.html","waxing-fruits-course.html"
"index.html","vacuum-sealing-course.html"
"index.html","freezing-techniques-course.html"
"index.html","modified-atmosphere-course.html"
"index.html","irradiation-basics-course.html"
"index.html","root-cellaring-course.html"
"index.html","cold-storage-design-course.html"
"index.html","grain-storage-course.html"
"index.html","cattle-feed-production-course.html"
"index.html","poultry-feed-production-course.html"
"index.html","pig-sheep-goat-feed-course.html"
"index.html","fish-duck-rabbit-feed-course.html"
"index.html","dog-cat-alternatives-feed-course.html"
"index.html","avocado-farming-course.html"
"index.html","banana-farming-course.html"
"index.html","beans-legumes-farming-course.html"
"index.html","bee-farming-course.html"
"index.html","cassava-farming-course.html"
"index.html","cattle-farming-course.html"
"index.html","cotton-farming-course.html"
"index.html","crocodile-farming-course.html"
"index.html","dairy-production-course.html"
"index.html","duck-farming-course.html"
"index.html","fishing-fish-farming-course.html"
"index.html","forestry-tree-planting-course.html"
"index.html","general-agriculture-course.html"
"index.html","goat-sheep-rearing-course.html"
"index.html","grafting-budding-orchards-course.html"
"index.html","grasscutter-farming-course.html"
"index.html","groundnut-farming-course.html"
"index.html","guinea-fowl-farming-course.html"
"index.html","irish-potato-farming-course.html"
"index.html","maize-farming-course.html"
"index.html","mango-citrus-farming-course.html"
"index.html","mushroom-farming-course.html"
"index.html","onion-farming-course.html"
"index.html","ostrich-farming-course.html"
"index.html","potato-farming-course.html"
"index.html","poultry-farming-course.html"
"index.html","quail-farming-course.html"
"index.html","rabbit-farming-course.html"
"index.html","rice-farming-course.html"
"index.html","snail-farming-course.html"
"index.html","sorghum-millet-farming-course.html"
"index.html","soybean-farming-course.html"
"index.html","sunflower-farming-course.html"
"index.html","sweet-potato-farming-course.html"
"index.html","tomato-farming-course.html"
"index.html","turkey-farming-course.html"
"index.html","vegetable-production-course.html"
"index.html","wheat-barley-farming-course.html"
"index.html","yam-farming-course.html"
"index.html","soap-making-course.html"
"index.html","solar-drying-course.html"
"index.html","ai-fundamentals-course.html"
"index.html","arabic-language-course.html"
"index.html","bakery-course.html"
"index.html","beef-farming-course.html"
"index.html","butchery-course.html"
"index.html","cassava-processing-course.html"
"index.html","chinese-language-course.html"
"index.html","cocoa-farming-course.html"
"index.html","cybersecurity-course.html"
"index.html","data-science-course.html"
"index.html","digital-marketing-course.html"
"index.html","drone-fundamentals-course.html"
"index.html","entrepreneurship-course.html"
"index.html","financial-literacy-course.html"
"index.html","hay-making-course.html"
"index.html","healthcare-course.html"
"index.html","iot-course.html"
"index.html","leather-working-course.html"
"index.html","mental-health-course.html"
"index.html","mobile-app-development-course.html"
"index.html","nutrition-food-safety-course.html"
"index.html","project-management-course.html"
"index.html","robotics-basics-course.html"
"index.html","silage-making-course.html"
"index.html","solar-energy-course.html"
"index.html","spanish-language-course.html"
"index.html","supply-chain-course.html"
"index.html","swahili-language-course.html"
"index.html","web-development-course.html"
"index.html","cassava-flour-processing-course.html"
"index.html","cassava-starch-extraction-course.html"
"index.html","cassava-bread-baking-course.html"
"index.html","cassava-chips-crisps-course.html"
"index.html","high-quality-cassava-flour-course.html"
"index.html","cassava-leaves-vegetable-course.html"
"index.html","farm-financial-management-course.html"
"index.html","agricultural-record-keeping-course.html"
"index.html","farm-market-access-pricing-course.html"
"index.html","agricultural-cooperative-formation-course.html"
"index.html","business-plan-development-course.html"
"index.html","farm-labor-management-course.html"
"index.html","drought-resistant-crops-course.html"
"index.html","irrigation-systems-smallholds-course.html"
"index.html","soil-conservation-restoration-course.html"
"index.html","crop-rotation-intercropping-course.html"
"index.html","climate-smart-crop-calendar-course.html"
"index.html","fruit-vegetable-preservation-course.html"
"index.html","honey-processing-packaging-course.html"
"index.html","grain-legume-storage-course.html"
"index.html","tomato-paste-sauce-course.html"
"index.html","fruit-juice-concentrate-course.html"
"index.html","export-standards-certification-course.html"
"index.html","packaging-export-markets-course.html"
"index.html","quality-control-testing-course.html"
"index.html","international-trade-basics-course.html"
"index.html","soil-testing-nutrient-management-course.html"
"index.html","mechanized-equipment-rental-course.html"
"index.html","solar-energy-farms-course.html"
"index.html","chicken-egg-production-intensive-course.html"
"index.html","pig-fattening-operations-course.html"
"index.html","goat-breeding-selection-course.html"
"index.html","fish-fingerling-production-course.html"
"index.html","pig-farming-lessons.html"
"index.html","beans-legumes-farming-course.html"
"index.html","bee-farming-course.html"
"index.html","cassava-farming-course.html"
"index.html","cattle-farming-course.html"
"index.html","dairy-production-course.html"
"index.html","groundnut-farming-course.html"
"index.html","irish-potato-farming-course.html"
"index.html","mushroom-farming-course.html"
"index.html","rice-farming-course.html"
"index.html","sorghum-millet-farming-course.html"
"index.html","soybean-farming-course.html"
"index.html","sweet-potato-farming-course.html"
"index.html","vegetable-production-course.html"
"index.html","wheat-barley-farming-course.html"
"index.html","yam-farming-course.html"
"index.html","bakery-course.html"
"index.html","beef-farming-course.html"
"index.html","butchery-course.html"
"index.html","leather-working-course.html"
"index.html","food-preservation-methods-course.html"
"index.html","dehydration-course.html"
"index.html","smoking-fish-meat-course.html"
"index.html","salting-brining-course.html"
"index.html","pickling-vegetables-course.html"
"index.html","fermentation-course.html"
"index.html","canning-bottling-course.html"
"index.html","sugar-preservation-course.html"
"index.html","oil-preservation-course.html"
"index.html","waxing-fruits-course.html"
"index.html","vacuum-sealing-course.html"
"index.html","freezing-techniques-course.html"
"index.html","modified-atmosphere-course.html"
"index.html","irradiation-basics-course.html"
"index.html","root-cellaring-course.html"
"index.html","cold-storage-design-course.html"
"index.html","grain-storage-course.html"
"index.html","cattle-feed-production-course.html"
"index.html","poultry-feed-production-course.html"
"index.html","pig-sheep-goat-feed-course.html"
"index.html","fish-duck-rabbit-feed-course.html"
"index.html","dog-cat-alternatives-feed-course.html"
"index.html","avocado-farming-course.html"
"index.html","banana-farming-course.html"
"index.html","cotton-farming-course.html"
"index.html","crocodile-farming-course.html"
"index.html","duck-farming-course.html"
"index.html","fishing-fish-farming-course.html"
"index.html","forestry-tree-planting-course.html"
"index.html","general-agriculture-course.html"
"index.html","goat-sheep-rearing-course.html"
"index.html","grafting-budding-orchards-course.html"
"index.html","grasscutter-farming-course.html"
"index.html","guinea-fowl-farming-course.html"
"index.html","maize-farming-course.html"
"index.html","mango-citrus-farming-course.html"
"index.html","onion-farming-course.html"
"index.html","ostrich-farming-course.html"
"index.html","potato-farming-course.html"
"index.html","poultry-farming-course.html"
"index.html","quail-farming-course.html"
"index.html","rabbit-farming-course.html"
"index.html","snail-farming-course.html"
"index.html","sunflower-farming-course.html"
"index.html","tomato-farming-course.html"
"index.html","turkey-farming-course.html"
"index.html","soap-making-course.html"
"index.html","solar-drying-course.html"
"index.html","ai-fundamentals-course.html"
"index.html","arabic-language-course.html"
"index.html","cassava-processing-course.html"
"index.html","chinese-language-course.html"
"index.html","cocoa-farming-course.html"
"index.html","cybersecurity-course.html"
"index.html","data-science-course.html"
"index.html","digital-marketing-course.html"
"index.html","drone-fundamentals-course.html"
"index.html","entrepreneurship-course.html"
"index.html","financial-literacy-course.html"
"index.html","hay-making-course.html"
"index.html","healthcare-course.html"
"index.html","iot-course.html"
"index.html","mental-health-course.html"
"index.html","mobile-app-development-course.html"
"index.html","nutrition-food-safety-course.html"
"index.html","project-management-course.html"
"index.html","robotics-basics-course.html"
"index.html","silage-making-course.html"
"index.html","solar-energy-course.html"
"index.html","spanish-language-course.html"
"index.html","supply-chain-course.html"
"index.html","swahili-language-course.html"
"index.html","web-development-course.html"
"index.html","cassava-flour-processing-course.html"
"index.html","cassava-starch-extraction-course.html"
"index.html","cassava-bread-baking-course.html"
"index.html","cassava-chips-crisps-course.html"
"index.html","high-quality-cassava-flour-course.html"
"index.html","cassava-leaves-vegetable-course.html"
"index.html","farm-financial-management-course.html"
"index.html","agricultural-record-keeping-course.html"
"index.html","farm-market-access-pricing-course.html"
"index.html","agricultural-cooperative-formation-course.html"
"index.html","business-plan-development-course.html"
"index.html","farm-labor-management-course.html"
"index.html","drought-resistant-crops-course.html"
"index.html","irrigation-systems-smallholds-course.html"
"index.html","soil-conservation-restoration-course.html"
"index.html","crop-rotation-intercropping-course.html"
"index.html","climate-smart-crop-calendar-course.html"
"index.html","fruit-vegetable-preservation-course.html"
"index.html","honey-processing-packaging-course.html"
"index.html","grain-legume-storage-course.html"
"index.html","tomato-paste-sauce-course.html"
"index.html","fruit-juice-concentrate-course.html"
"index.html","export-standards-certification-course.html"
"index.html","packaging-export-markets-course.html"
"index.html","quality-control-testing-course.html"
"index.html","international-trade-basics-course.html"
"index.html","soil-testing-nutrient-management-course.html"
"index.html","mechanized-equipment-rental-course.html"
"index.html","solar-energy-farms-course.html"
"index.html","chicken-egg-production-intensive-course.html"
"index.html","pig-fattening-operations-course.html"
"index.html","goat-breeding-selection-course.html"
"index.html","fish-fingerling-production-course.html"
"index.html","pig-farming-lessons.html"
"index.html","beans-legumes-farming-course.html"
"index.html","bee-farming-course.html"
"index.html","cassava-farming-course.html"
"index.html","cattle-farming-course.html"
"index.html","dairy-production-course.html"
"index.html","groundnut-farming-course.html"
"index.html","irish-potato-farming-course.html"
"index.html","mushroom-farming-course.html"
"index.html","rice-farming-course.html"
"index.html","sorghum-millet-farming-course.html"
"index.html","soybean-farming-course.html"
"index.html","sweet-potato-farming-course.html"
"index.html","vegetable-production-course.html"
"index.html","wheat-barley-farming-course.html"
"index.html","yam-farming-course.html"
"index.html","bakery-course.html"
"index.html","beef-farming-course.html"
"index.html","butchery-course.html"
"index.html","leather-working-course.html"
"index.html","food-preservation-methods-course.html"
"index.html","dehydration-course.html"
"index.html","smoking-fish-meat-course.html"
"index.html","salting-brining-course.html"
"index.html","pickling-vegetables-course.html"
"index.html","fermentation-course.html"
"index.html","canning-bottling-course.html"
"index.html","sugar-preservation-course.html"
"index.html","oil-preservation-course.html"
"index.html","waxing-fruits-course.html"
"index.html","vacuum-sealing-course.html"
"index.html","freezing-techniques-course.html"
"index.html","modified-atmosphere-course.html"
"index.html","irradiation-basics-course.html"
"index.html","root-cellaring-course.html"
"index.html","cold-storage-design-course.html"
"index.html","grain-storage-course.html"
"index.html","cattle-feed-production-course.html"
"index.html","poultry-feed-production-course.html"
"index.html","pig-sheep-goat-feed-course.html"
"index.html","fish-duck-rabbit-feed-course.html"
"index.html","dog-cat-alternatives-feed-course.html"
"index.html","avocado-farming-course.html"
"index.html","banana-farming-course.html"
"index.html","cotton-farming-course.html"
"index.html","crocodile-farming-course.html"
"index.html","duck-farming-course.html"
"index.html","fishing-fish-farming-course.html"
"index.html","forestry-tree-planting-course.html"
"index.html","general-agriculture-course.html"
"index.html","goat-sheep-rearing-course.html"
"index.html","grafting-budding-orchards-course.html"
"index.html","grasscutter-farming-course.html"
"index.html","guinea-fowl-farming-course.html"
"index.html","maize-farming-course.html"
"index.html","mango-citrus-farming-course.html"
"index.html","onion-farming-course.html"
"index.html","ostrich-farming-course.html"
"index.html","potato-farming-course.html"
"index.html","poultry-farming-course.html"
"index.html","quail-farming-course.html"
"index.html","rabbit-farming-course.html"
"index.html","snail-farming-course.html"
"index.html","sunflower-farming-course.html"
"index.html","tomato-farming-course.html"
"index.html","turkey-farming-course.html"
"index.html","soap-making-course.html"
"index.html","solar-drying-course.html"
"index.html","ai-fundamentals-course.html"
"index.html","arabic-language-course.html"
"index.html","cassava-processing-course.html"
"index.html","chinese-language-course.html"
"index.html","cocoa-farming-course.html"
"index.html","cybersecurity-course.html"
"index.html","data-science-course.html"
"index.html","digital-marketing-course.html"
"index.html","drone-fundamentals-course.html"
"index.html","entrepreneurship-course.html"
"index.html","financial-literacy-course.html"
"index.html","hay-making-course.html"
"index.html","healthcare-course.html"
"index.html","iot-course.html"
"index.html","mental-health-course.html"
"index.html","mobile-app-development-course.html"
"index.html","nutrition-food-safety-course.html"
"index.html","project-management-course.html"
"index.html","robotics-basics-course.html"
"index.html","silage-making-course.html"
"index.html","solar-energy-course.html"
"index.html","spanish-language-course.html"
"index.html","supply-chain-course.html"
"index.html","swahili-language-course.html"
"index.html","web-development-course.html"
"index.html","cassava-flour-processing-course.html"
"index.html","cassava-starch-extraction-course.html"
"index.html","cassava-bread-baking-course.html"
"index.html","cassava-chips-crisps-course.html"
"index.html","high-quality-cassava-flour-course.html"
"index.html","cassava-leaves-vegetable-course.html"
"index.html","farm-financial-management-course.html"
"index.html","agricultural-record-keeping-course.html"
"index.html","farm-market-access-pricing-course.html"
"index.html","agricultural-cooperative-formation-course.html"
"index.html","business-plan-development-course.html"
"index.html","farm-labor-management-course.html"
"index.html","drought-resistant-crops-course.html"
"index.html","irrigation-systems-smallholds-course.html"
"index.html","soil-conservation-restoration-course.html"
"index.html","crop-rotation-intercropping-course.html"
"index.html","climate-smart-crop-calendar-course.html"
"index.html","fruit-vegetable-preservation-course.html"
"index.html","honey-processing-packaging-course.html"
"index.html","grain-legume-storage-course.html"
"index.html","tomato-paste-sauce-course.html"
"index.html","fruit-juice-concentrate-course.html"
"index.html","export-standards-certification-course.html"
"index.html","packaging-export-markets-course.html"
"index.html","quality-control-testing-course.html"
"index.html","international-trade-basics-course.html"
"index.html","soil-testing-nutrient-management-course.html"
"index.html","mechanized-equipment-rental-course.html"
"index.html","solar-energy-farms-course.html"
"index.html","chicken-egg-production-intensive-course.html"
"index.html","pig-fattening-operations-course.html"
"index.html","goat-breeding-selection-course.html"
"index.html","fish-fingerling-production-course.html"
"index.html","bakery-course.html"
"index.html","beef-farming-course.html"
"index.html","beef-farming-course.html"
"index.html","broiler-layers-feed-course.html"
"index.html","butchery-course.html"
"index.html","cassava-farming-course.html"
"index.html","cat-breeding-course.html"
"index.html","cattle-farming-course.html"
"index.html","cattle-steer-feed-course.html"
"index.html","dairy-production-course.html"
"index.html","dog-breeding-course.html"
"index.html","dog-cat-feed-course.html"
"index.html","engine-to-irrigation-pump-course.html"
"index.html","fish-feed-course.html"
"index.html","fortified-corn-soy-porridge-course.html"
"index.html","goat-farming-course.html"
"index.html","guinea-quail-farming-course.html"
"index.html","horse-breeding-course.html"
"index.html","leather-working-course.html"
"index.html","mushroom-farming-course.html"
"index.html","rice-farming-course.html"
"index.html","sheep-farming-course.html"
"index.html","engine-fundamentals-course.html"
"index.html","sorghum-millet-farming-course.html"
"index.html","vegetable-production-course.html"
"index.html","sweet-potato-farming-course.html"
"index.html","beans-legumes-farming-course.html"
"index.html","groundnut-farming-course.html"
"index.html","irish-potato-farming-course.html"
"index.html","yam-farming-course.html"
"index.html","soybean-farming-course.html"
"index.html","wheat-barley-farming-course.html"
"index.html","pig-farming-lessons.html"
"index.html","pig-feed-course.html"
"index.html","food-preservation-methods-course.html"
"index.html","dehydration-course.html"
"index.html","smoking-fish-meat-course.html"
"index.html","salting-brining-course.html"
"index.html","pickling-vegetables-course.html"
"index.html","fermentation-course.html"
"index.html","canning-bottling-course.html"
"index.html","sugar-preservation-course.html"
"index.html","oil-preservation-course.html"
"index.html","waxing-fruits-course.html"
"index.html","vacuum-sealing-course.html"
"index.html","freezing-techniques-course.html"
"index.html","modified-atmosphere-course.html"
"index.html","irradiation-basics-course.html"
"index.html","root-cellaring-course.html"
"index.html","cold-storage-design-course.html"
"index.html","grain-storage-course.html"
"index.html","cattle-feed-production-course.html"
"index.html","poultry-feed-production-course.html"
"index.html","pig-sheep-goat-feed-course.html"
"index.html","fish-duck-rabbit-feed-course.html"
"index.html","dog-cat-alternatives-feed-course.html"
"index.html","avocado-farming-course.html"
"index.html","banana-farming-course.html"
"index.html","cotton-farming-course.html"
"index.html","crocodile-farming-course.html"
"index.html","duck-farming-course.html"
"index.html","fishing-fish-farming-course.html"
"index.html","forestry-tree-planting-course.html"
"index.html","general-agriculture-course.html"
"index.html","goat-sheep-rearing-course.html"
"index.html","grafting-budding-orchards-course.html"
"index.html","grasscutter-farming-course.html"
"index.html","guinea-fowl-farming-course.html"
"index.html","maize-farming-course.html"
"index.html","mango-citrus-farming-course.html"
"index.html","onion-farming-course.html"
"index.html","ostrich-farming-course.html"
"index.html","potato-farming-course.html"
"index.html","poultry-farming-course.html"
"index.html","quail-farming-course.html"
"index.html","rabbit-farming-course.html"
"index.html","snail-farming-course.html"
"index.html","sunflower-farming-course.html"
"index.html","tomato-farming-course.html"
"index.html","turkey-farming-course.html"
"index.html","soap-making-course.html"
"index.html","solar-drying-course.html"
"index.html","ai-fundamentals-course.html"
"index.html","arabic-language-course.html"
"index.html","cassava-processing-course.html"
"index.html","chinese-language-course.html"
"index.html","cocoa-farming-course.html"
"index.html","cybersecurity-course.html"
"index.html","data-science-course.html"
"index.html","digital-marketing-course.html"
"index.html","drone-fundamentals-course.html"
"index.html","entrepreneurship-course.html"
"index.html","financial-literacy-course.html"
"index.html","hay-making-course.html"
"index.html","healthcare-course.html"
"index.html","iot-course.html"
"index.html","mental-health-course.html"
"index.html","mobile-app-development-course.html"
"index.html","nutrition-food-safety-course.html"
"index.html","project-management-course.html"
"index.html","robotics-basics-course.html"
"index.html","silage-making-course.html"
"index.html","solar-energy-course.html"
"index.html","spanish-language-course.html"
"index.html","supply-chain-course.html"
"index.html","swahili-language-course.html"
"index.html","web-development-course.html"
"index.html","cassava-flour-processing-course.html"
"index.html","cassava-starch-extraction-course.html"
"index.html","cassava-bread-baking-course.html"
"index.html","cassava-chips-crisps-course.html"
"index.html","high-quality-cassava-flour-course.html"
"index.html","cassava-leaves-vegetable-course.html"
"index.html","farm-financial-management-course.html"
"index.html","agricultural-record-keeping-course.html"
"index.html","farm-market-access-pricing-course.html"
"index.html","agricultural-cooperative-formation-course.html"
"index.html","business-plan-development-course.html"
"index.html","farm-labor-management-course.html"
"index.html","drought-resistant-crops-course.html"
"index.html","irrigation-systems-smallholds-course.html"
"index.html","soil-conservation-restoration-course.html"
"index.html","crop-rotation-intercropping-course.html"
"index.html","climate-smart-crop-calendar-course.html"
"index.html","fruit-vegetable-preservation-course.html"
"index.html","honey-processing-packaging-course.html"
"index.html","grain-legume-storage-course.html"
"index.html","tomato-paste-sauce-course.html"
"index.html","fruit-juice-concentrate-course.html"
"index.html","export-standards-certification-course.html"
"index.html","packaging-export-markets-course.html"
"index.html","quality-control-testing-course.html"
"index.html","international-trade-basics-course.html"
"index.html","soil-testing-nutrient-management-course.html"
"index.html","mechanized-equipment-rental-course.html"
"index.html","solar-energy-farms-course.html"
"index.html","chicken-egg-production-intensive-course.html"
"index.html","pig-fattening-operations-course.html"
"index.html","goat-breeding-selection-course.html"
"index.html","fish-fingerling-production-course.html"
"index.html","bakery-course.html"
"index.html","beef-farming-course.html"
"index.html","beef-farming-course.html"
"index.html","broiler-layers-feed-course.html"
"index.html","butchery-course.html"
"index.html","cassava-farming-course.html"
"index.html","cat-breeding-course.html"
"index.html","cattle-farming-course.html"
"index.html","cattle-steer-feed-course.html"
"index.html","dairy-production-course.html"
"index.html","dog-breeding-course.html"
"index.html","dog-cat-feed-course.html"
"index.html","engine-to-irrigation-pump-course.html"
"index.html","fish-feed-course.html"
"index.html","fortified-corn-soy-porridge-course.html"
"index.html","goat-farming-course.html"
"index.html","guinea-quail-farming-course.html"
"index.html","horse-breeding-course.html"
"index.html","leather-working-course.html"
"index.html","mushroom-farming-course.html"
"index.html","rice-farming-course.html"
"index.html","sheep-farming-course.html"
"index.html","engine-fundamentals-course.html"
"index.html","sorghum-millet-farming-course.html"
"index.html","vegetable-production-course.html"
"index.html","sweet-potato-farming-course.html"
"index.html","beans-legumes-farming-course.html"
"index.html","groundnut-farming-course.html"
"index.html","irish-potato-farming-course.html"
"index.html","yam-farming-course.html"
"index.html","soybean-farming-course.html"
"index.html","wheat-barley-farming-course.html"
"index.html","pig-farming-lessons.html"
"index.html","pig-feed-course.html"
"index.html","food-preservation-methods-course.html"
"index.html","dehydration-course.html"
"index.html","smoking-fish-meat-course.html"
"index.html","salting-brining-course.html"
"index.html","pickling-vegetables-course.html"
"index.html","fermentation-course.html"
"index.html","canning-bottling-course.html"
"index.html","sugar-preservation-course.html"
"index.html","oil-preservation-course.html"
"index.html","waxing-fruits-course.html"
"index.html","vacuum-sealing-course.html"
"index.html","freezing-techniques-course.html"
"index.html","modified-atmosphere-course.html"
"index.html","irradiation-basics-course.html"
"index.html","root-cellaring-course.html"
"index.html","cold-storage-design-course.html"
"index.html","grain-storage-course.html"
"index.html","cattle-feed-production-course.html"
"index.html","poultry-feed-production-course.html"
"index.html","pig-sheep-goat-feed-course.html"
"index.html","fish-duck-rabbit-feed-course.html"
"index.html","dog-cat-alternatives-feed-course.html"
"index.html","avocado-farming-course.html"
"index.html","banana-farming-course.html"
"index.html","cotton-farming-course.html"
"index.html","crocodile-farming-course.html"
"index.html","duck-farming-course.html"
"index.html","fishing-fish-farming-course.html"
"index.html","forestry-tree-planting-course.html"
"index.html","general-agriculture-course.html"
"index.html","goat-sheep-rearing-course.html"
"index.html","grafting-budding-orchards-course.html"
"index.html","grasscutter-farming-course.html"
"index.html","guinea-fowl-farming-course.html"
"index.html","maize-farming-course.html"
"index.html","mango-citrus-farming-course.html"
"index.html","onion-farming-course.html"
"index.html","ostrich-farming-course.html"
"index.html","potato-farming-course.html"
"index.html","poultry-farming-course.html"
"index.html","quail-farming-course.html"
"index.html","rabbit-farming-course.html"
"index.html","snail-farming-course.html"
"index.html","sunflower-farming-course.html"
"index.html","tomato-farming-course.html"
"index.html","turkey-farming-course.html"
"index.html","soap-making-course.html"
"index.html","solar-drying-course.html"
"index.html","ai-fundamentals-course.html"
"index.html","arabic-language-course.html"
"index.html","cassava-processing-course.html"
"index.html","chinese-language-course.html"
"index.html","cocoa-farming-course.html"
"index.html","cybersecurity-course.html"
"index.html","data-science-course.html"
"index.html","digital-marketing-course.html"
"index.html","drone-fundamentals-course.html"
"index.html","entrepreneurship-course.html"
"index.html","financial-literacy-course.html"
"index.html","hay-making-course.html"
"index.html","healthcare-course.html"
"index.html","iot-course.html"
"index.html","mental-health-course.html"
"index.html","mobile-app-development-course.html"
"index.html","nutrition-food-safety-course.html"
"index.html","project-management-course.html"
"index.html","robotics-basics-course.html"
"index.html","silage-making-course.html"
"index.html","solar-energy-course.html"
"index.html","spanish-language-course.html"
"index.html","supply-chain-course.html"
"index.html","swahili-language-course.html"
"index.html","web-development-course.html"
"index.html","cassava-flour-processing-course.html"
"index.html","cassava-starch-extraction-course.html"
"index.html","cassava-bread-baking-course.html"
"index.html","cassava-chips-crisps-course.html"
"index.html","high-quality-cassava-flour-course.html"
"index.html","cassava-leaves-vegetable-course.html"
"index.html","farm-financial-management-course.html"
"index.html","agricultural-record-keeping-course.html"
"index.html","farm-market-access-pricing-course.html"
"index.html","agricultural-cooperative-formation-course.html"
"index.html","business-plan-development-course.html"
"index.html","farm-labor-management-course.html"
"index.html","drought-resistant-crops-course.html"
"index.html","irrigation-systems-smallholds-course.html"
"index.html","soil-conservation-restoration-course.html"
"index.html","crop-rotation-intercropping-course.html"
"index.html","climate-smart-crop-calendar-course.html"
"index.html","fruit-vegetable-preservation-course.html"
"index.html","honey-processing-packaging-course.html"
"index.html","grain-legume-storage-course.html"
"index.html","tomato-paste-sauce-course.html"
"index.html","fruit-juice-concentrate-course.html"
"index.html","export-standards-certification-course.html"
"index.html","packaging-export-markets-course.html"
"index.html","quality-control-testing-course.html"
"index.html","international-trade-basics-course.html"
"index.html","soil-testing-nutrient-management-course.html"
"index.html","mechanized-equipment-rental-course.html"
"index.html","solar-energy-farms-course.html"
"index.html","chicken-egg-production-intensive-course.html"
"index.html","pig-fattening-operations-course.html"
"index.html","goat-breeding-selection-course.html"
"index.html","fish-fingerling-production-course.html"
"index.html","bakery-course.html"
"index.html","bee-farming-course.html"
"index.html","broiler-layers-feed-course.html"
"index.html","butchery-course.html"
"index.html","cassava-farming-course.html"
"index.html","cat-breeding-course.html"
"index.html","cattle-farming-course.html"
"index.html","cattle-steer-feed-course.html"
"index.html","dairy-production-course.html"
"index.html","dog-breeding-course.html"
"index.html","dog-cat-feed-course.html"
"index.html","engine-to-irrigation-pump-course.html"
"index.html","fish-feed-course.html"
"index.html","fortified-corn-soy-porridge-course.html"
"index.html","goat-farming-course.html"
"index.html","guinea-quail-farming-course.html"
"index.html","horse-breeding-course.html"
"index.html","leather-working-course.html"
"index.html","mushroom-farming-course.html"
"index.html","rice-farming-course.html"
"index.html","sheep-farming-course.html"
"index.html","engine-fundamentals-course.html"
"index.html","sorghum-millet-farming-course.html"
"index.html","vegetable-production-course.html"
"index.html","sweet-potato-farming-course.html"
"index.html","beans-legumes-farming-course.html"
"index.html","groundnut-farming-course.html"
"index.html","irish-potato-farming-course.html"
"index.html","yam-farming-course.html"
"index.html","soybean-farming-course.html"
"index.html","wheat-barley-farming-course.html"
"index.html","pig-farming-lessons.html"
"index.html","pig-feed-course.html"
"index.html","food-preservation-methods-course.html"
"index.html","dehydration-course.html"
"index.html","smoking-fish-meat-course.html"
"index.html","salting-brining-course.html"
"index.html","pickling-vegetables-course.html"
"index.html","fermentation-course.html"
"index.html","canning-bottling-course.html"
"index.html","sugar-preservation-course.html"
"index.html","oil-preservation-course.html"
"index.html","waxing-fruits-course.html"
"index.html","vacuum-sealing-course.html"
"index.html","freezing-techniques-course.html"
"index.html","modified-atmosphere-course.html"
"index.html","irradiation-basics-course.html"
"index.html","root-cellaring-course.html"
"index.html","cold-storage-design-course.html"
"index.html","grain-storage-course.html"
"index.html","cattle-feed-production-course.html"
"index.html","poultry-feed-production-course.html"
"index.html","pig-sheep-goat-feed-course.html"
"index.html","fish-duck-rabbit-feed-course.html"
"index.html","dog-cat-alternatives-feed-course.html"
"index.html","avocado-farming-course.html"
"index.html","banana-farming-course.html"
"index.html","cotton-farming-course.html"
"index.html","crocodile-farming-course.html"
"index.html","duck-farming-course.html"
"index.html","fishing-fish-farming-course.html"
"index.html","forestry-tree-planting-course.html"
"index.html","general-agriculture-course.html"
"index.html","goat-sheep-rearing-course.html"
"index.html","grafting-budding-orchards-course.html"
"index.html","grasscutter-farming-course.html"
"index.html","guinea-fowl-farming-course.html"
"index.html","maize-farming-course.html"
"index.html","mango-citrus-farming-course.html"
"index.html","onion-farming-course.html"
"index.html","ostrich-farming-course.html"
"index.html","potato-farming-course.html"
"index.html","poultry-farming-course.html"
"index.html","quail-farming-course.html"
"index.html","rabbit-farming-course.html"
"index.html","snail-farming-course.html"
"index.html","sunflower-farming-course.html"
"index.html","tomato-farming-course.html"
"index.html","turkey-farming-course.html"
"index.html","soap-making-course.html"
"index.html","solar-drying-course.html"
"index.html","ai-fundamentals-course.html"
"index.html","arabic-language-course.html"
"index.html","cassava-processing-course.html"
"index.html","chinese-language-course.html"
"index.html","cocoa-farming-course.html"
"index.html","cybersecurity-course.html"
"index.html","data-science-course.html"
"index.html","digital-marketing-course.html"
"index.html","drone-fundamentals-course.html"
"index.html","entrepreneurship-course.html"
"index.html","financial-literacy-course.html"
"index.html","hay-making-course.html"
"index.html","healthcare-course.html"
"index.html","iot-course.html"
"index.html","mental-health-course.html"
"index.html","mobile-app-development-course.html"
"index.html","nutrition-food-safety-course.html"
"index.html","project-management-course.html"
"index.html","robotics-basics-course.html"
"index.html","silage-making-course.html"
"index.html","solar-energy-course.html"
"index.html","spanish-language-course.html"
"index.html","supply-chain-course.html"
"index.html","swahili-language-course.html"
"index.html","web-development-course.html"
"index.html","cassava-flour-processing-course.html"
"index.html","cassava-starch-extraction-course.html"
"index.html","cassava-bread-baking-course.html"
"index.html","cassava-chips-crisps-course.html"
"index.html","high-quality-cassava-flour-course.html"
"index.html","cassava-leaves-vegetable-course.html"
"index.html","farm-financial-management-course.html"
"index.html","agricultural-record-keeping-course.html"
"index.html","farm-market-access-pricing-course.html"
"index.html","agricultural-cooperative-formation-course.html"
"index.html","business-plan-development-course.html"
"index.html","farm-labor-management-course.html"
"index.html","drought-resistant-crops-course.html"
"index.html","irrigation-systems-smallholds-course.html"
"index.html","soil-conservation-restoration-course.html"
"index.html","crop-rotation-intercropping-course.html"
"index.html","climate-smart-crop-calendar-course.html"
"index.html","fruit-vegetable-preservation-course.html"
"index.html","honey-processing-packaging-course.html"
"index.html","grain-legume-storage-course.html"
"index.html","tomato-paste-sauce-course.html"
"index.html","fruit-juice-concentrate-course.html"
"index.html","export-standards-certification-course.html"
"index.html","packaging-export-markets-course.html"
"index.html","quality-control-testing-course.html"
"index.html","international-trade-basics-course.html"
"index.html","soil-testing-nutrient-management-course.html"
"index.html","mechanized-equipment-rental-course.html"
"index.html","solar-energy-farms-course.html"
"index.html","chicken-egg-production-intensive-course.html"
"index.html","pig-fattening-operations-course.html"
"index.html","goat-breeding-selection-course.html"
"index.html","fish-fingerling-production-course.html"
"index.html","pig-farming-lessons.html"
"index.html","food-preservation-methods-course.html"
"index.html","dehydration-course.html"
"index.html","smoking-fish-meat-course.html"
"index.html","salting-brining-course.html"
"index.html","pickling-vegetables-course.html"
"index.html","fermentation-course.html"
"index.html","canning-bottling-course.html"
"index.html","sugar-preservation-course.html"
"index.html","oil-preservation-course.html"
"index.html","waxing-fruits-course.html"
"index.html","vacuum-sealing-course.html"
"index.html","freezing-techniques-course.html"
"index.html","modified-atmosphere-course.html"
"index.html","irradiation-basics-course.html"
"index.html","root-cellaring-course.html"
"index.html","cold-storage-design-course.html"
"index.html","grain-storage-course.html"
"index.html","cattle-feed-production-course.html"
"index.html","poultry-feed-production-course.html"
"index.html","pig-sheep-goat-feed-course.html"
"index.html","fish-duck-rabbit-feed-course.html"
"index.html","dog-cat-alternatives-feed-course.html"
"index.html","avocado-farming-course.html"
"index.html","banana-farming-course.html"
"index.html","beans-legumes-farming-course.html"
"index.html","bee-farming-course.html"
"index.html","cassava-farming-course.html"
"index.html","cattle-farming-course.html"
"index.html","cotton-farming-course.html"
"index.html","crocodile-farming-course.html"
"index.html","dairy-production-course.html"
"index.html","duck-farming-course.html"
"index.html","fishing-fish-farming-course.html"
"index.html","forestry-tree-planting-course.html"
"index.html","general-agriculture-course.html"
"index.html","goat-sheep-rearing-course.html"
"index.html","grafting-budding-orchards-course.html"
"index.html","grasscutter-farming-course.html"
"index.html","groundnut-farming-course.html"
"index.html","guinea-fowl-farming-course.html"
"index.html","irish-potato-farming-course.html"
"index.html","maize-farming-course.html"
"index.html","mango-citrus-farming-course.html"
"index.html","mushroom-farming-course.html"
"index.html","onion-farming-course.html"
"index.html","ostrich-farming-course.html"
"index.html","potato-farming-course.html"
"index.html","poultry-farming-course.html"
"index.html","quail-farming-course.html"
"index.html","rabbit-farming-course.html"
"index.html","rice-farming-course.html"
"index.html","snail-farming-course.html"
"index.html","sorghum-millet-farming-course.html"
"index.html","soybean-farming-course.html"
"index.html","sunflower-farming-course.html"
"index.html","sweet-potato-farming-course.html"
"index.html","tomato-farming-course.html"
"index.html","turkey-farming-course.html"
"index.html","vegetable-production-course.html"
"index.html","wheat-barley-farming-course.html"
"index.html","yam-farming-course.html"
"index.html","soap-making-course.html"
"index.html","solar-drying-course.html"
"index.html","ai-fundamentals-course.html"
"index.html","arabic-language-course.html"
"index.html","bakery-course.html"
"index.html","beef-farming-course.html"
"index.html","butchery-course.html"
"index.html","cassava-processing-course.html"
"index.html","chinese-language-course.html"
"index.html","cocoa-farming-course.html"
"index.html","cybersecurity-course.html"
"index.html","data-science-course.html"
"index.html","digital-marketing-course.html"
"index.html","drone-fundamentals-course.html"
"index.html","entrepreneurship-course.html"
"index.html","financial-literacy-course.html"
"index.html","hay-making-course.html"
"index.html","healthcare-course.html"
"index.html","iot-course.html"
"index.html","leather-working-course.html"
"index.html","mental-health-course.html"
"index.html","mobile-app-development-course.html"
"index.html","nutrition-food-safety-course.html"
"index.html","project-management-course.html"
"index.html","robotics-basics-course.html"
"index.html","silage-making-course.html"
"index.html","solar-energy-course.html"
"index.html","spanish-language-course.html"
"index.html","supply-chain-course.html"
"index.html","swahili-language-course.html"
"index.html","web-development-course.html"
"index.html","cassava-flour-processing-course.html"
"index.html","cassava-starch-extraction-course.html"
"index.html","cassava-bread-baking-course.html"
"index.html","cassava-chips-crisps-course.html"
"index.html","high-quality-cassava-flour-course.html"
"index.html","cassava-leaves-vegetable-course.html"
"index.html","farm-financial-management-course.html"
"index.html","agricultural-record-keeping-course.html"
"index.html","farm-market-access-pricing-course.html"
"index.html","agricultural-cooperative-formation-course.html"
"index.html","business-plan-development-course.html"
"index.html","farm-labor-management-course.html"
"index.html","drought-resistant-crops-course.html"
"index.html","irrigation-systems-smallholds-course.html"
"index.html","soil-conservation-restoration-course.html"
"index.html","crop-rotation-intercropping-course.html"
"index.html","climate-smart-crop-calendar-course.html"
"index.html","fruit-vegetable-preservation-course.html"
"index.html","honey-processing-packaging-course.html"
"index.html","grain-legume-storage-course.html"
"index.html","tomato-paste-sauce-course.html"
"index.html","fruit-juice-concentrate-course.html"
"index.html","export-standards-certification-course.html"
"index.html","packaging-export-markets-course.html"
"index.html","quality-control-testing-course.html"
"index.html","international-trade-basics-course.html"
"index.html","soil-testing-nutrient-management-course.html"
"index.html","mechanized-equipment-rental-course.html"
"index.html","solar-energy-farms-course.html"
"index.html","chicken-egg-production-intensive-course.html"
"index.html","pig-fattening-operations-course.html"
"index.html","goat-breeding-selection-course.html"
"index.html","fish-fingerling-production-course.html"
"index.html","bakery-course.html"
"index.html","beef-farming-course.html"
"index.html","beef-farming-course.html"
"index.html","broiler-layers-feed-course.html"
"index.html","butchery-course.html"
"index.html","cassava-farming-course.html"
"index.html","cat-breeding-course.html"
"index.html","cattle-farming-course.html"
"index.html","cattle-steer-feed-course.html"
"index.html","dairy-production-course.html"
"index.html","dog-breeding-course.html"
"index.html","dog-cat-feed-course.html"
"index.html","engine-to-irrigation-pump-course.html"
"index.html","fish-feed-course.html"
"index.html","fortified-corn-soy-porridge-course.html"
"index.html","goat-farming-course.html"
"index.html","guinea-quail-farming-course.html"
"index.html","horse-breeding-course.html"
"index.html","leather-working-course.html"
"index.html","mushroom-farming-course.html"
"index.html","rice-farming-course.html"
"index.html","sheep-farming-course.html"
"index.html","engine-fundamentals-course.html"
"index.html","sorghum-millet-farming-course.html"
"index.html","vegetable-production-course.html"
"index.html","sweet-potato-farming-course.html"
"index.html","beans-legumes-farming-course.html"
"index.html","groundnut-farming-course.html"
"index.html","irish-potato-farming-course.html"
"index.html","yam-farming-course.html"
"index.html","soybean-farming-course.html"
"index.html","wheat-barley-farming-course.html"
"index.html","pig-farming-lessons.html"
"index.html","pig-feed-course.html"
"index.html","food-preservation-methods-course.html"
"index.html","dehydration-course.html"
"index.html","smoking-fish-meat-course.html"
"index.html","salting-brining-course.html"
"index.html","pickling-vegetables-course.html"
"index.html","fermentation-course.html"
"index.html","canning-bottling-course.html"
"index.html","sugar-preservation-course.html"
"index.html","oil-preservation-course.html"
"index.html","waxing-fruits-course.html"
"index.html","vacuum-sealing-course.html"
"index.html","freezing-techniques-course.html"
"index.html","modified-atmosphere-course.html"
"index.html","irradiation-basics-course.html"
"index.html","root-cellaring-course.html"
"index.html","cold-storage-design-course.html"
"index.html","grain-storage-course.html"
"index.html","cattle-feed-production-course.html"
"index.html","poultry-feed-production-course.html"
"index.html","pig-sheep-goat-feed-course.html"
"index.html","fish-duck-rabbit-feed-course.html"
"index.html","dog-cat-alternatives-feed-course.html"
"index.html","avocado-farming-course.html"
"index.html","banana-farming-course.html"
"index.html","cotton-farming-course.html"
"index.html","crocodile-farming-course.html"
"index.html","duck-farming-course.html"
"index.html","fishing-fish-farming-course.html"
"index.html","forestry-tree-planting-course.html"
"index.html","general-agriculture-course.html"
"index.html","goat-sheep-rearing-course.html"
"index.html","grafting-budding-orchards-course.html"
"index.html","grasscutter-farming-course.html"
"index.html","guinea-fowl-farming-course.html"
"index.html","maize-farming-course.html"
"index.html","mango-citrus-farming-course.html"
"index.html","onion-farming-course.html"
"index.html","ostrich-farming-course.html"
"index.html","potato-farming-course.html"
"index.html","poultry-farming-course.html"
"index.html","quail-farming-course.html"
"index.html","rabbit-farming-course.html"
"index.html","snail-farming-course.html"
"index.html","sunflower-farming-course.html"
"index.html","tomato-farming-course.html"
"index.html","turkey-farming-course.html"
"index.html","soap-making-course.html"
"index.html","solar-drying-course.html"
"index.html","ai-fundamentals-course.html"
"index.html","arabic-language-course.html"
"index.html","cassava-processing-course.html"
"index.html","chinese-language-course.html"
"index.html","cocoa-farming-course.html"
"index.html","cybersecurity-course.html"
"index.html","data-science-course.html"
"index.html","digital-marketing-course.html"
"index.html","drone-fundamentals-course.html"
"index.html","entrepreneurship-course.html"
"index.html","financial-literacy-course.html"
"index.html","hay-making-course.html"
"index.html","healthcare-course.html"
"index.html","iot-course.html"
"index.html","mental-health-course.html"
"index.html","mobile-app-development-course.html"
"index.html","nutrition-food-safety-course.html"
"index.html","project-management-course.html"
"index.html","robotics-basics-course.html"
"index.html","silage-making-course.html"
"index.html","solar-energy-course.html"
"index.html","spanish-language-course.html"
"index.html","supply-chain-course.html"
"index.html","swahili-language-course.html"
"index.html","web-development-course.html"
"index.html","cassava-flour-processing-course.html"
"index.html","cassava-starch-extraction-course.html"
"index.html","cassava-bread-baking-course.html"
"index.html","cassava-chips-crisps-course.html"
"index.html","high-quality-cassava-flour-course.html"
"index.html","cassava-leaves-vegetable-course.html"
"index.html","farm-financial-management-course.html"
"index.html","agricultural-record-keeping-course.html"
"index.html","farm-market-access-pricing-course.html"
"index.html","agricultural-cooperative-formation-course.html"
"index.html","business-plan-development-course.html"
"index.html","farm-labor-management-course.html"
"index.html","drought-resistant-crops-course.html"
"index.html","irrigation-systems-smallholds-course.html"
"index.html","soil-conservation-restoration-course.html"
"index.html","crop-rotation-intercropping-course.html"
"index.html","climate-smart-crop-calendar-course.html"
"index.html","fruit-vegetable-preservation-course.html"
"index.html","honey-processing-packaging-course.html"
"index.html","grain-legume-storage-course.html"
"index.html","tomato-paste-sauce-course.html"
"index.html","fruit-juice-concentrate-course.html"
"index.html","export-standards-certification-course.html"
"index.html","packaging-export-markets-course.html"
"index.html","quality-control-testing-course.html"
"index.html","international-trade-basics-course.html"
"index.html","soil-testing-nutrient-management-course.html"
"index.html","mechanized-equipment-rental-course.html"
"index.html","solar-energy-farms-course.html"
"index.html","chicken-egg-production-intensive-course.html"
"index.html","pig-fattening-operations-course.html"
"index.html","goat-breeding-selection-course.html"
"index.html","fish-fingerling-production-course.html"
"index.html","bakery-course.html"
"index.html","beef-farming-course.html"
"index.html","beef-farming-course.html"
"index.html","broiler-layers-feed-course.html"
"index.html","butchery-course.html"
"index.html","cassava-farming-course.html"
"index.html","cat-breeding-course.html"
"index.html","cattle-farming-course.html"
"index.html","cattle-steer-feed-course.html"
"index.html","dairy-production-course.html"
"index.html","dog-breeding-course.html"
"index.html","dog-cat-feed-course.html"
"index.html","engine-to-irrigation-pump-course.html"
"index.html","fish-feed-course.html"
"index.html","fortified-corn-soy-porridge-course.html"
"index.html","goat-farming-course.html"
"index.html","guinea-quail-farming-course.html"
"index.html","horse-breeding-course.html"
"index.html","leather-working-course.html"
"index.html","mushroom-farming-course.html"
"index.html","rice-farming-course.html"
"index.html","sheep-farming-course.html"
"index.html","engine-fundamentals-course.html"
"index.html","sorghum-millet-farming-course.html"
"index.html","vegetable-production-course.html"
"index.html","sweet-potato-farming-course.html"
"index.html","beans-legumes-farming-course.html"
"index.html","groundnut-farming-course.html"
"index.html","irish-potato-farming-course.html"
"index.html","yam-farming-course.html"
"index.html","soybean-farming-course.html"
"index.html","wheat-barley-farming-course.html"
"index.html","pig-farming-lessons.html"
"index.html","pig-feed-course.html"
"index.html","food-preservation-methods-course.html"
"index.html","dehydration-course.html"
"index.html","smoking-fish-meat-course.html"
"index.html","salting-brining-course.html"
"index.html","pickling-vegetables-course.html"
"index.html","fermentation-course.html"
"index.html","canning-bottling-course.html"
"index.html","sugar-preservation-course.html"
"index.html","oil-preservation-course.html"
"index.html","waxing-fruits-course.html"
"index.html","vacuum-sealing-course.html"
"index.html","freezing-techniques-course.html"
"index.html","modified-atmosphere-course.html"
"index.html","irradiation-basics-course.html"
"index.html","root-cellaring-course.html"
"index.html","cold-storage-design-course.html"
"index.html","grain-storage-course.html"
"index.html","cattle-feed-production-course.html"
"index.html","poultry-feed-production-course.html"
"index.html","pig-sheep-goat-feed-course.html"
"index.html","fish-duck-rabbit-feed-course.html"
"index.html","dog-cat-alternatives-feed-course.html"
"index.html","avocado-farming-course.html"
"index.html","banana-farming-course.html"
"index.html","cotton-farming-course.html"
"index.html","crocodile-farming-course.html"
"index.html","duck-farming-course.html"
"index.html","fishing-fish-farming-course.html"
"index.html","forestry-tree-planting-course.html"
"index.html","general-agriculture-course.html"
"index.html","goat-sheep-rearing-course.html"
"index.html","grafting-budding-orchards-course.html"
"index.html","grasscutter-farming-course.html"
"index.html","guinea-fowl-farming-course.html"
"index.html","maize-farming-course.html"
"index.html","mango-citrus-farming-course.html"
"index.html","onion-farming-course.html"
"index.html","ostrich-farming-course.html"
"index.html","potato-farming-course.html"
"index.html","poultry-farming-course.html"
"index.html","quail-farming-course.html"
"index.html","rabbit-farming-course.html"
"index.html","snail-farming-course.html"
"index.html","sunflower-farming-course.html"
"index.html","tomato-farming-course.html"
"index.html","turkey-farming-course.html"
"index.html","soap-making-course.html"
"index.html","solar-drying-course.html"
"index.html","ai-fundamentals-course.html"
"index.html","arabic-language-course.html"
"index.html","cassava-processing-course.html"
"index.html","chinese-language-course.html"
"index.html","cocoa-farming-course.html"
"index.html","cybersecurity-course.html"
"index.html","data-science-course.html"
"index.html","digital-marketing-course.html"
"index.html","drone-fundamentals-course.html"
"index.html","entrepreneurship-course.html"
"index.html","financial-literacy-course.html"
"index.html","hay-making-course.html"
"index.html","healthcare-course.html"
"index.html","iot-course.html"
"index.html","mental-health-course.html"
"index.html","mobile-app-development-course.html"
"index.html","nutrition-food-safety-course.html"
"index.html","project-management-course.html"
"index.html","robotics-basics-course.html"
"index.html","silage-making-course.html"
"index.html","solar-energy-course.html"
"index.html","spanish-language-course.html"
"index.html","supply-chain-course.html"
"index.html","swahili-language-course.html"
"index.html","web-development-course.html"
"index.html","cassava-flour-processing-course.html"
"index.html","cassava-starch-extraction-course.html"
"index.html","cassava-bread-baking-course.html"
"index.html","cassava-chips-crisps-course.html"
"index.html","high-quality-cassava-flour-course.html"
"index.html","cassava-leaves-vegetable-course.html"
"index.html","farm-financial-management-course.html"
"index.html","agricultural-record-keeping-course.html"
"index.html","farm-market-access-pricing-course.html"
"index.html","agricultural-cooperative-formation-course.html"
"index.html","business-plan-development-course.html"
"index.html","farm-labor-management-course.html"
"index.html","drought-resistant-crops-course.html"
"index.html","irrigation-systems-smallholds-course.html"
"index.html","soil-conservation-restoration-course.html"
"index.html","crop-rotation-intercropping-course.html"
"index.html","climate-smart-crop-calendar-course.html"
"index.html","fruit-vegetable-preservation-course.html"
"index.html","honey-processing-packaging-course.html"
"index.html","grain-legume-storage-course.html"
"index.html","tomato-paste-sauce-course.html"
"index.html","fruit-juice-concentrate-course.html"
"index.html","export-standards-certification-course.html"
"index.html","packaging-export-markets-course.html"
"index.html","quality-control-testing-course.html"
"index.html","international-trade-basics-course.html"
"index.html","soil-testing-nutrient-management-course.html"
"index.html","mechanized-equipment-rental-course.html"
"index.html","solar-energy-farms-course.html"
"index.html","chicken-egg-production-intensive-course.html"
"index.html","pig-fattening-operations-course.html"
"index.html","goat-breeding-selection-course.html"
"index.html","fish-fingerling-production-course.html"
"index.html","how-to-start-a-business-course.html"
"index.html","mushroom-seed-production-course.html"
"index.html","brick-making-business-banking-course.html"
"index.html","engine-fundamentals-course.html"
"index.html","engine-to-irrigation-pump-course.html"
"index.html","barbering-grooming-course.html"
"index.html","hair-salon-beauty-course.html"
"index.html","social-media-influencer-course.html"
"index.html","dj-event-entertainment-course.html"
"index.html","agricultural-produce-sourcing-course.html"
"index.html","sourcing-reselling-course.html"
"index.html","basic-first-aid-course.html"
"index.html","massage-spa-home-course.html"
"index.html","errands-personal-assistant-course.html"
"index.html","crisis-response-underserved-course.html"
"index.html","home-office-cleaning-course.html"
"index.html","car-washing-detailing-course.html"
"index.html","pest-control-basic-course.html"
"index.html","event-services-course.html"
"index.html","recycling-green-business-course.html"
"index.html","transport-logistics-course.html"
"index.html","herbal-skincare-products-course.html"
"index.html","education-training-business-course.html"
"index.html","small-kiosk-tuck-shop-course.html"
"index.html","reselling-social-media-course.html"
"index.html","tech-digital-services-course.html"
"index.html","thrift-shop-okrika-course.html"
"index.html","home-based-catering-course.html"
"index.html","maximise-1-hectare-vegetables-course.html"
"index.html","snail-farming-course.html"
"index.html","seedling-nursery-farmers-course.html"
"index.html","fortified-corn-soy-porridge-course.html"
"index.html","how-to-start-a-business-course.html"
"index.html","mushroom-seed-production-course.html"
"index.html","brick-making-business-banking-course.html"
"index.html","engine-fundamentals-course.html"
"index.html","engine-to-irrigation-pump-course.html"
"index.html","barbering-grooming-course.html"
"index.html","hair-salon-beauty-course.html"
"index.html","social-media-influencer-course.html"
"index.html","dj-event-entertainment-course.html"
"index.html","agricultural-produce-sourcing-course.html"
"index.html","sourcing-reselling-course.html"
"index.html","basic-first-aid-course.html"
"index.html","massage-spa-home-course.html"
"index.html","errands-personal-assistant-course.html"
"index.html","crisis-response-underserved-course.html"
"index.html","home-office-cleaning-course.html"
"index.html","car-washing-detailing-course.html"
"index.html","pest-control-basic-course.html"
"index.html","event-services-course.html"
"index.html","recycling-green-business-course.html"
"index.html","transport-logistics-course.html"
"index.html","herbal-skincare-products-course.html"
"index.html","education-training-business-course.html"
"index.html","small-kiosk-tuck-shop-course.html"
"index.html","reselling-social-media-course.html"
"index.html","tech-digital-services-course.html"
"index.html","thrift-shop-okrika-course.html"
"index.html","home-based-catering-course.html"
"index.html","maximise-1-hectare-vegetables-course.html"
"index.html","snail-farming-course.html"
"index.html","seedling-nursery-farmers-course.html"
"index.html","fortified-corn-soy-porridge-course.html"
"index.html","how-to-start-a-business-course.html"
"index.html","mushroom-seed-production-course.html"
"index.html","brick-making-business-banking-course.html"
"index.html","engine-fundamentals-course.html"
"index.html","engine-to-irrigation-pump-course.html"
"index.html","barbering-grooming-course.html"
"index.html","hair-salon-beauty-course.html"
"index.html","social-media-influencer-course.html"
"index.html","dj-event-entertainment-course.html"
"index.html","agricultural-produce-sourcing-course.html"
"index.html","sourcing-reselling-course.html"
"index.html","basic-first-aid-course.html"
"index.html","massage-spa-home-course.html"
"index.html","errands-personal-assistant-course.html"
"index.html","crisis-response-underserved-course.html"
"index.html","home-office-cleaning-course.html"
"index.html","car-washing-detailing-course.html"
"index.html","pest-control-basic-course.html"
"index.html","event-services-course.html"
"index.html","recycling-green-business-course.html"
"index.html","transport-logistics-course.html"
"index.html","herbal-skincare-products-course.html"
"index.html","education-training-business-course.html"
"index.html","small-kiosk-tuck-shop-course.html"
"index.html","reselling-social-media-course.html"
"index.html","tech-digital-services-course.html"
"index.html","thrift-shop-okrika-course.html"
"index.html","home-based-catering-course.html"
"index.html","maximise-1-hectare-vegetables-course.html"
"index.html","snail-farming-course.html"
"index.html","seedling-nursery-farmers-course.html"
"index.html","fortified-corn-soy-porridge-course.html"
"index.html","how-to-start-a-business-course.html"
"index.html","mushroom-seed-production-course.html"
"index.html","brick-making-business-banking-course.html"
"index.html","engine-fundamentals-course.html"
"index.html","engine-to-irrigation-pump-course.html"
"index.html","barbering-grooming-course.html"
"index.html","hair-salon-beauty-course.html"
"index.html","social-media-influencer-course.html"
"index.html","dj-event-entertainment-course.html"
"index.html","agricultural-produce-sourcing-course.html"
"index.html","sourcing-reselling-course.html"
"index.html","basic-first-aid-course.html"
"index.html","massage-spa-home-course.html"
"index.html","errands-personal-assistant-course.html"
"index.html","crisis-response-underserved-course.html"
"index.html","home-office-cleaning-course.html"
"index.html","car-washing-detailing-course.html"
"index.html","pest-control-basic-course.html"
"index.html","event-services-course.html"
"index.html","recycling-green-business-course.html"
"index.html","transport-logistics-course.html"
"index.html","herbal-skincare-products-course.html"
"index.html","education-training-business-course.html"
"index.html","small-kiosk-tuck-shop-course.html"
"index.html","reselling-social-media-course.html"
"index.html","tech-digital-services-course.html"
"index.html","thrift-shop-okrika-course.html"
"index.html","home-based-catering-course.html"
"index.html","maximise-1-hectare-vegetables-course.html"
"index.html","snail-farming-course.html"
"index.html","seedling-nursery-farmers-course.html"
"index.html","fortified-corn-soy-porridge-course.html"
"index.html","how-to-start-a-business-course.html"
"index.html","mushroom-seed-production-course.html"
"index.html","brick-making-business-banking-course.html"
"index.html","engine-fundamentals-course.html"
"index.html","engine-to-irrigation-pump-course.html"
"index.html","barbering-grooming-course.html"
"index.html","hair-salon-beauty-course.html"
"index.html","social-media-influencer-course.html"
"index.html","dj-event-entertainment-course.html"
"index.html","agricultural-produce-sourcing-course.html"
"index.html","sourcing-reselling-course.html"
"index.html","basic-first-aid-course.html"
"index.html","massage-spa-home-course.html"
"index.html","errands-personal-assistant-course.html"
"index.html","crisis-response-underserved-course.html"
"index.html","home-office-cleaning-course.html"
"index.html","car-washing-detailing-course.html"
"index.html","pest-control-basic-course.html"
"index.html","event-services-course.html"
"index.html","recycling-green-business-course.html"
"index.html","transport-logistics-course.html"
"index.html","herbal-skincare-products-course.html"
"index.html","education-training-business-course.html"
"index.html","small-kiosk-tuck-shop-course.html"
"index.html","reselling-social-media-course.html"
"index.html","tech-digital-services-course.html"
"index.html","thrift-shop-okrika-course.html"
"index.html","home-based-catering-course.html"
"index.html","maximise-1-hectare-vegetables-course.html"
"index.html","snail-farming-course.html"
"index.html","seedling-nursery-farmers-course.html"
"index.html","fortified-corn-soy-porridge-course.html"
"index.html","how-to-start-a-business-course.html"
"index.html","mushroom-seed-production-course.html"
"index.html","brick-making-business-banking-course.html"
"index.html","engine-fundamentals-course.html"
"index.html","engine-to-irrigation-pump-course.html"
"index.html","barbering-grooming-course.html"
"index.html","hair-salon-beauty-course.html"
"index.html","social-media-influencer-course.html"
"index.html","dj-event-entertainment-course.html"
"index.html","agricultural-produce-sourcing-course.html"
"index.html","sourcing-reselling-course.html"
"index.html","basic-first-aid-course.html"
"index.html","massage-spa-home-course.html"
"index.html","errands-personal-assistant-course.html"
"index.html","crisis-response-underserved-course.html"
"index.html","home-office-cleaning-course.html"
"index.html","car-washing-detailing-course.html"
"index.html","pest-control-basic-course.html"
"index.html","event-services-course.html"
"index.html","recycling-green-business-course.html"
"index.html","transport-logistics-course.html"
"index.html","herbal-skincare-products-course.html"
"index.html","education-training-business-course.html"
"index.html","small-kiosk-tuck-shop-course.html"
"index.html","reselling-social-media-course.html"
"index.html","tech-digital-services-course.html"
"index.html","thrift-shop-okrika-course.html"
"index.html","home-based-catering-course.html"
"index.html","maximise-1-hectare-vegetables-course.html"
"index.html","snail-farming-course.html"
"index.html","seedling-nursery-farmers-course.html"
"index.html","fortified-corn-soy-porridge-course.html"
"index.html","how-to-start-a-business-course.html"
"index.html","mushroom-seed-production-course.html"
"index.html","brick-making-business-banking-course.html"
"index.html","engine-fundamentals-course.html"
"index.html","engine-to-irrigation-pump-course.html"
"index.html","barbering-grooming-course.html"
"index.html","hair-salon-beauty-course.html"
"index.html","social-media-influencer-course.html"
"index.html","dj-event-entertainment-course.html"
"index.html","agricultural-produce-sourcing-course.html"
"index.html","sourcing-reselling-course.html"
"index.html","basic-first-aid-course.html"
"index.html","massage-spa-home-course.html"
"index.html","errands-personal-assistant-course.html"
"index.html","crisis-response-underserved-course.html"
"index.html","home-office-cleaning-course.html"
"index.html","car-washing-detailing-course.html"
"index.html","pest-control-basic-course.html"
"index.html","event-services-course.html"
"index.html","recycling-green-business-course.html"
"index.html","transport-logistics-course.html"
"index.html","herbal-skincare-products-course.html"
"index.html","education-training-business-course.html"
"index.html","small-kiosk-tuck-shop-course.html"
"index.html","reselling-social-media-course.html"
"index.html","tech-digital-services-course.html"
"index.html","thrift-shop-okrika-course.html"
"index.html","home-based-catering-course.html"
"index.html","maximise-1-hectare-vegetables-course.html"
"index.html","snail-farming-course.html"
"index.html","seedling-nursery-farmers-course.html"
"index.html","fortified-corn-soy-porridge-course.html"
"animal-feed-making-course.html","auth-system.js"
"animal-feed-making-course.html","enrollment-system.js"
"animal-feed-making-course.html","course-protection.js"
"assignment-review.html","' + esc(r.video_url) + '"
"avocado-farming-course.html","auth-system.js"
"avocado-farming-course.html","enrollment-system.js"
"avocado-farming-course.html","course-protection.js"
"banana-farming-course.html","auth-system.js"
"banana-farming-course.html","enrollment-system.js"
"banana-farming-course.html","course-protection.js"
"beans-legumes-farming-course.html","auth-system.js"
"beans-legumes-farming-course.html","enrollment-system.js"
"beans-legumes-farming-course.html","course-protection.js"
"beef-farming-course.html","auth-system.js"
"beef-farming-course.html","enrollment-system.js"
"beef-farming-course.html","course-protection.js"
"charcoal-types-course-lessons.html","style.css"
"charcoal-types-course-lessons.html","charcoal-types-course-module-1.html"
"charcoal-types-course-lessons.html","charcoal-types-course-module-2.html"
"charcoal-types-course-lessons.html","charcoal-types-course-module-3.html"
"charcoal-types-course-lessons.html","charcoal-types-course-module-4.html"
"charcoal-types-course-lessons.html","charcoal-types-course-module-5.html"
"charcoal-types-course-lessons.html","charcoal-types-course-module-6.html"
"charcoal-types-course-lessons.html","charcoal-types-course-module-7.html"
"charcoal-types-course-lessons.html","charcoal-types-course-module-8.html"
"charcoal-types-course-lessons.html","charcoal-types-course-module-9.html"
"charcoal-types-course-lessons.html","charcoal-types-course-module-10.html"
"charcoal-types-course-lessons.html","charcoal-types-course-module-11.html"
"charcoal-types-course-lessons.html","charcoal-types-course-module-12.html"
"cotton-farming-course.html","auth-system.js"
"cotton-farming-course.html","enrollment-system.js"
"cotton-farming-course.html","course-protection.js"
"course-info-new.html","' + S.course + '"
"course-info-new.html","' + S.cert + '"
"course-info-new.html","' + S.print + '"
"dashboard.html","${coursePage}"
"deepseek_html_20260909_7ce4a8.html","style.css"
"deepseek_html_20260909_7ce4a8.html","soap-making-module-7.html"
"deepseek_html_20260909_7ce4a8.html","soap-making-module-8.html"
"deepseek_html_20260909_7ce4a8.html","soap-making-module-9.html"
"deepseek_html_20260909_7ce4a8.html","soap-making-module-10.html"
"deepseek_html_20260909_7ce4a8.html","soap-making-module-11.html"
"deepseek_html_20260909_7ce4a8.html","soap-making-module-12.html"
"deepseek_html_20260909_a3e726.html","style.css"
"deepseek_html_20260909_cd5e62.html","style.css"
"deepseek_html_20260909_cd5e62.html","charcoal-types-course-module-1.html"
"deepseek_html_20260909_cd5e62.html","charcoal-types-course-module-2.html"
"deepseek_html_20260909_cd5e62.html","charcoal-types-course-module-3.html"
"deepseek_html_20260909_cd5e62.html","charcoal-types-course-module-4.html"
"deepseek_html_20260909_cd5e62.html","charcoal-types-course-module-5.html"
"deepseek_html_20260909_cd5e62.html","charcoal-types-course-module-6.html"
"deepseek_html_20260909_cd5e62.html","charcoal-types-course-module-7.html"
"deepseek_html_20260909_cd5e62.html","charcoal-types-course-module-8.html"
"deepseek_html_20260909_cd5e62.html","charcoal-types-course-module-9.html"
"deepseek_html_20260909_cd5e62.html","charcoal-types-course-module-10.html"
"deepseek_html_20260909_cd5e62.html","charcoal-types-course-module-11.html"
"deepseek_html_20260909_cd5e62.html","charcoal-types-course-module-12.html"
"deepseek_html_20260909_f914d7 (3).html","spices-course-lessons.html"
"groundnut-farming-course.html","auth-system.js"
"groundnut-farming-course.html","enrollment-system.js"
"groundnut-farming-course.html","course-protection.js"
"index (26).html","stripe-checkout.js"
"index (28).html","stripe-checkout.js"
"index (29).html","social-settings.html"
"index (29).html","stripe-checkout.js"
"index (30).html","social-settings.html"
"index (30).html","stripe-checkout.js"
"irish-potato-farming-course.html","auth-system.js"
"irish-potato-farming-course.html","enrollment-system.js"
"irish-potato-farming-course.html","course-protection.js"
"jam-making-lessons.html","style.css"
"maize-farming-course.html","auth-system.js"
"maize-farming-course.html","enrollment-system.js"
"maize-farming-course.html","course-protection.js"
"mango-citrus-farming-course.html","auth-system.js"
"mango-citrus-farming-course.html","enrollment-system.js"
"mango-citrus-farming-course.html","course-protection.js"
"onion-farming-course.html","auth-system.js"
"onion-farming-course.html","enrollment-system.js"
"onion-farming-course.html","course-protection.js"
"potato-farming-course.html","auth-system.js"
"potato-farming-course.html","enrollment-system.js"
"potato-farming-course.html","course-protection.js"
"rice-farming-course.html","auth-system.js"
"rice-farming-course.html","enrollment-system.js"
"rice-farming-course.html","course-protection.js"
"soap-making-lessons.html","style.css"
"soap-making-lessons.html","soap-making-module-7.html"
"soap-making-lessons.html","soap-making-module-8.html"
"soap-making-lessons.html","soap-making-module-9.html"
"soap-making-lessons.html","soap-making-module-10.html"
"soap-making-lessons.html","soap-making-module-11.html"
"soap-making-lessons.html","soap-making-module-12.html"
"soap-making-module-6.html","soap-making-module-7.html"
"solar-drying-course.html","auth-system.js"
"solar-drying-course.html","enrollment-system.js"
"solar-drying-course.html","course-protection.js"
"sorghum-millet-farming-course.html","auth-system.js"
"sorghum-millet-farming-course.html","enrollment-system.js"
"sorghum-millet-farming-course.html","course-protection.js"
"soybean-farming-course.html","auth-system.js"
"soybean-farming-course.html","enrollment-system.js"
"soybean-farming-course.html","course-protection.js"
"sunflower-farming-course.html","auth-system.js"
"sunflower-farming-course.html","enrollment-system.js"
"sunflower-farming-course.html","course-protection.js"
"sweet-potato-farming-course.html","auth-system.js"
"sweet-potato-farming-course.html","enrollment-system.js"
"sweet-potato-farming-course.html","course-protection.js"
"tomato-farming-course.html","auth-system.js"
"tomato-farming-course.html","enrollment-system.js"
"tomato-farming-course.html","course-protection.js"
"vegetable-production-course.html","auth-system.js"
"vegetable-production-course.html","enrollment-system.js"
"vegetable-production-course.html","course-protection.js"
"wheat-barley-farming-course.html","auth-system.js"
"wheat-barley-farming-course.html","enrollment-system.js"
"wheat-barley-farming-course.html","course-protection.js"
"yam-farming-course.html","auth-system.js"
"yam-farming-course.html","enrollment-system.js"
"yam-farming-course.html","course-protection.js"
"01_dd60.html","food-preservation-methods-course.html"
"01_dd60.html","dehydration-course.html"
"01_dd60.html","smoking-fish-meat-course.html"
"01_dd60.html","salting-brining-course.html"
"01_dd60.html","pickling-vegetables-course.html"
"01_dd60.html","fermentation-course.html"
"01_dd60.html","canning-bottling-course.html"
"01_dd60.html","sugar-preservation-course.html"
"01_dd60.html","oil-preservation-course.html"
"01_dd60.html","waxing-fruits-course.html"
"01_dd60.html","vacuum-sealing-course.html"
"01_dd60.html","freezing-techniques-course.html"
"01_dd60.html","modified-atmosphere-course.html"
"01_dd60.html","irradiation-basics-course.html"
"01_dd60.html","root-cellaring-course.html"
"01_dd60.html","cold-storage-design-course.html"
"01_dd60.html","grain-storage-course.html"
"01_dd60.html","cattle-feed-production-course.html"
"01_dd60.html","poultry-feed-production-course.html"
"01_dd60.html","pig-sheep-goat-feed-course.html"
"01_dd60.html","fish-duck-rabbit-feed-course.html"
"01_dd60.html","dog-cat-alternatives-feed-course.html"
"01_dd60.html","avocado-farming-course.html"
"01_dd60.html","banana-farming-course.html"
"01_dd60.html","beans-legumes-farming-course.html"
"01_dd60.html","bee-farming-course.html"
"01_dd60.html","cassava-farming-course.html"
"01_dd60.html","cattle-farming-course.html"
"01_dd60.html","cotton-farming-course.html"
"01_dd60.html","crocodile-farming-course.html"
"01_dd60.html","dairy-production-course.html"
"01_dd60.html","duck-farming-course.html"
"01_dd60.html","fishing-fish-farming-course.html"
"01_dd60.html","forestry-tree-planting-course.html"
"01_dd60.html","general-agriculture-course.html"
"01_dd60.html","goat-sheep-rearing-course.html"
"01_dd60.html","grafting-budding-orchards-course.html"
"01_dd60.html","grasscutter-farming-course.html"
"01_dd60.html","groundnut-farming-course.html"
"01_dd60.html","guinea-fowl-farming-course.html"
"01_dd60.html","irish-potato-farming-course.html"
"01_dd60.html","maize-farming-course.html"
"01_dd60.html","mango-citrus-farming-course.html"
"01_dd60.html","mushroom-farming-course.html"
"01_dd60.html","onion-farming-course.html"
"01_dd60.html","ostrich-farming-course.html"
"01_dd60.html","potato-farming-course.html"
"01_dd60.html","poultry-farming-course.html"
"01_dd60.html","quail-farming-course.html"
"01_dd60.html","rabbit-farming-course.html"
"01_dd60.html","rice-farming-course.html"
"01_dd60.html","snail-farming-course.html"
"01_dd60.html","sorghum-millet-farming-course.html"
"01_dd60.html","soybean-farming-course.html"
"01_dd60.html","sunflower-farming-course.html"
"01_dd60.html","sweet-potato-farming-course.html"
"01_dd60.html","tomato-farming-course.html"
"01_dd60.html","turkey-farming-course.html"
"01_dd60.html","vegetable-production-course.html"
"01_dd60.html","wheat-barley-farming-course.html"
"01_dd60.html","yam-farming-course.html"
"01_dd60.html","soap-making-course.html"
"01_dd60.html","solar-drying-course.html"
"01_dd60.html","ai-fundamentals-course.html"
"01_dd60.html","arabic-language-course.html"
"01_dd60.html","bakery-lessons.html"
"01_dd60.html","beef-farming-course.html"
"01_dd60.html","butchery-lessons.html"
"01_dd60.html","cassava-processing-course.html"
"01_dd60.html","chinese-language-course.html"
"01_dd60.html","cocoa-farming-course.html"
"01_dd60.html","cybersecurity-course.html"
"01_dd60.html","data-science-course.html"
"01_dd60.html","digital-marketing-course.html"
"01_dd60.html","drone-fundamentals-course.html"
"01_dd60.html","entrepreneurship-course.html"
"01_dd60.html","financial-literacy-course.html"
"01_dd60.html","hay-making-course.html"
"01_dd60.html","healthcare-course.html"
"01_dd60.html","iot-course.html"
"01_dd60.html","leather-working-course.html"
"01_dd60.html","mental-health-course.html"
"01_dd60.html","mobile-app-development-course.html"
"01_dd60.html","nutrition-food-safety-course.html"
"01_dd60.html","project-management-course.html"
"01_dd60.html","robotics-basics-course.html"
"01_dd60.html","silage-making-course.html"
"01_dd60.html","solar-energy-course.html"
"01_dd60.html","spanish-language-course.html"
"01_dd60.html","supply-chain-course.html"
"01_dd60.html","swahili-language-course.html"
"01_dd60.html","web-development-course.html"
"01_dd60.html","cassava-flour-processing-course.html"
"01_dd60.html","cassava-starch-extraction-course.html"
"01_dd60.html","cassava-bread-baking-course.html"
"01_dd60.html","cassava-chips-crisps-course.html"
"01_dd60.html","high-quality-cassava-flour-course.html"
"01_dd60.html","cassava-leaves-vegetable-course.html"
"01_dd60.html","farm-financial-management-course.html"
"01_dd60.html","agricultural-record-keeping-course.html"
"01_dd60.html","farm-market-access-pricing-course.html"
"01_dd60.html","agricultural-cooperative-formation-course.html"
"01_dd60.html","business-plan-development-course.html"
"01_dd60.html","farm-labor-management-course.html"
"01_dd60.html","drought-resistant-crops-course.html"
"01_dd60.html","irrigation-systems-smallholds-course.html"
"01_dd60.html","soil-conservation-restoration-course.html"
"01_dd60.html","crop-rotation-intercropping-course.html"
"01_dd60.html","climate-smart-crop-calendar-course.html"
"01_dd60.html","fruit-vegetable-preservation-course.html"
"01_dd60.html","honey-processing-packaging-course.html"
"01_dd60.html","grain-legume-storage-course.html"
"01_dd60.html","tomato-paste-sauce-course.html"
"01_dd60.html","fruit-juice-concentrate-course.html"
"01_dd60.html","export-standards-certification-course.html"
"01_dd60.html","packaging-export-markets-course.html"
"01_dd60.html","quality-control-testing-course.html"
"01_dd60.html","international-trade-basics-course.html"
"01_dd60.html","soil-testing-nutrient-management-course.html"
"01_dd60.html","mechanized-equipment-rental-course.html"
"01_dd60.html","solar-energy-farms-course.html"
"01_dd60.html","chicken-egg-production-intensive-course.html"
"01_dd60.html","pig-fattening-operations-course.html"
"01_dd60.html","goat-breeding-selection-course.html"
"01_dd60.html","fish-fingerling-production-course.html"
"02_f46a.html","food-preservation-methods-course.html"
"02_f46a.html","dehydration-course.html"
"02_f46a.html","smoking-fish-meat-course.html"
"02_f46a.html","salting-brining-course.html"
"02_f46a.html","pickling-vegetables-course.html"
"02_f46a.html","fermentation-course.html"
"02_f46a.html","canning-bottling-course.html"
"02_f46a.html","sugar-preservation-course.html"
"02_f46a.html","oil-preservation-course.html"
"02_f46a.html","waxing-fruits-course.html"
"02_f46a.html","vacuum-sealing-course.html"
"02_f46a.html","freezing-techniques-course.html"
"02_f46a.html","modified-atmosphere-course.html"
"02_f46a.html","irradiation-basics-course.html"
"02_f46a.html","root-cellaring-course.html"
"02_f46a.html","cold-storage-design-course.html"
"02_f46a.html","grain-storage-course.html"
"02_f46a.html","cattle-feed-production-course.html"
"02_f46a.html","poultry-feed-production-course.html"
"02_f46a.html","pig-sheep-goat-feed-course.html"
"02_f46a.html","fish-duck-rabbit-feed-course.html"
"02_f46a.html","dog-cat-alternatives-feed-course.html"
"02_f46a.html","avocado-farming-course.html"
"02_f46a.html","banana-farming-course.html"
"02_f46a.html","beans-legumes-farming-course.html"
"02_f46a.html","bee-farming-course.html"
"02_f46a.html","cassava-farming-course.html"
"02_f46a.html","cattle-farming-course.html"
"02_f46a.html","cotton-farming-course.html"
"02_f46a.html","crocodile-farming-course.html"
"02_f46a.html","dairy-production-course.html"
"02_f46a.html","duck-farming-course.html"
"02_f46a.html","fishing-fish-farming-course.html"
"02_f46a.html","forestry-tree-planting-course.html"
"02_f46a.html","general-agriculture-course.html"
"02_f46a.html","goat-sheep-rearing-course.html"
"02_f46a.html","grafting-budding-orchards-course.html"
"02_f46a.html","grasscutter-farming-course.html"
"02_f46a.html","groundnut-farming-course.html"
"02_f46a.html","guinea-fowl-farming-course.html"
"02_f46a.html","irish-potato-farming-course.html"
"02_f46a.html","maize-farming-course.html"
"02_f46a.html","mango-citrus-farming-course.html"
"02_f46a.html","mushroom-farming-course.html"
"02_f46a.html","onion-farming-course.html"
"02_f46a.html","ostrich-farming-course.html"
"02_f46a.html","potato-farming-course.html"
"02_f46a.html","poultry-farming-course.html"
"02_f46a.html","quail-farming-course.html"
"02_f46a.html","rabbit-farming-course.html"
"02_f46a.html","rice-farming-course.html"
"02_f46a.html","snail-farming-course.html"
"02_f46a.html","sorghum-millet-farming-course.html"
"02_f46a.html","soybean-farming-course.html"
"02_f46a.html","sunflower-farming-course.html"
"02_f46a.html","sweet-potato-farming-course.html"
"02_f46a.html","tomato-farming-course.html"
"02_f46a.html","turkey-farming-course.html"
"02_f46a.html","vegetable-production-course.html"
"02_f46a.html","wheat-barley-farming-course.html"
"02_f46a.html","yam-farming-course.html"
"02_f46a.html","soap-making-course.html"
"02_f46a.html","solar-drying-course.html"
"02_f46a.html","ai-fundamentals-course.html"
"02_f46a.html","arabic-language-course.html"
"02_f46a.html","bakery-lessons.html"
"02_f46a.html","beef-farming-course.html"
"02_f46a.html","butchery-lessons.html"
"02_f46a.html","cassava-processing-course.html"
"02_f46a.html","chinese-language-course.html"
"02_f46a.html","cocoa-farming-course.html"
"02_f46a.html","cybersecurity-course.html"
"02_f46a.html","data-science-course.html"
"02_f46a.html","digital-marketing-course.html"
"02_f46a.html","drone-fundamentals-course.html"
"02_f46a.html","entrepreneurship-course.html"
"02_f46a.html","financial-literacy-course.html"
"02_f46a.html","hay-making-course.html"
"02_f46a.html","healthcare-course.html"
"02_f46a.html","iot-course.html"
"02_f46a.html","leather-working-course.html"
"02_f46a.html","mental-health-course.html"
"02_f46a.html","mobile-app-development-course.html"
"02_f46a.html","nutrition-food-safety-course.html"
"02_f46a.html","project-management-course.html"
"02_f46a.html","robotics-basics-course.html"
"02_f46a.html","silage-making-course.html"
"02_f46a.html","solar-energy-course.html"
"02_f46a.html","spanish-language-course.html"
"02_f46a.html","supply-chain-course.html"
"02_f46a.html","swahili-language-course.html"
"02_f46a.html","web-development-course.html"
"02_f46a.html","cassava-flour-processing-course.html"
"02_f46a.html","cassava-starch-extraction-course.html"
"02_f46a.html","cassava-bread-baking-course.html"
"02_f46a.html","cassava-chips-crisps-course.html"
"02_f46a.html","high-quality-cassava-flour-course.html"
"02_f46a.html","cassava-leaves-vegetable-course.html"
"02_f46a.html","farm-financial-management-course.html"
"02_f46a.html","agricultural-record-keeping-course.html"
"02_f46a.html","farm-market-access-pricing-course.html"
"02_f46a.html","agricultural-cooperative-formation-course.html"
"02_f46a.html","business-plan-development-course.html"
"02_f46a.html","farm-labor-management-course.html"
"02_f46a.html","drought-resistant-crops-course.html"
"02_f46a.html","irrigation-systems-smallholds-course.html"
"02_f46a.html","soil-conservation-restoration-course.html"
"02_f46a.html","crop-rotation-intercropping-course.html"
"02_f46a.html","climate-smart-crop-calendar-course.html"
"02_f46a.html","fruit-vegetable-preservation-course.html"
"02_f46a.html","honey-processing-packaging-course.html"
"02_f46a.html","grain-legume-storage-course.html"
"02_f46a.html","tomato-paste-sauce-course.html"
"02_f46a.html","fruit-juice-concentrate-course.html"
"02_f46a.html","export-standards-certification-course.html"
"02_f46a.html","packaging-export-markets-course.html"
"02_f46a.html","quality-control-testing-course.html"
"02_f46a.html","international-trade-basics-course.html"
"02_f46a.html","soil-testing-nutrient-management-course.html"
"02_f46a.html","mechanized-equipment-rental-course.html"
"02_f46a.html","solar-energy-farms-course.html"
"02_f46a.html","chicken-egg-production-intensive-course.html"
"02_f46a.html","pig-fattening-operations-course.html"
"02_f46a.html","goat-breeding-selection-course.html"
"02_f46a.html","fish-fingerling-production-course.html"
"candidate_01_dd60b3bbaf.html","food-preservation-methods-course.html"
"candidate_01_dd60b3bbaf.html","dehydration-course.html"
"candidate_01_dd60b3bbaf.html","smoking-fish-meat-course.html"
"candidate_01_dd60b3bbaf.html","salting-brining-course.html"
"candidate_01_dd60b3bbaf.html","pickling-vegetables-course.html"
"candidate_01_dd60b3bbaf.html","fermentation-course.html"
"candidate_01_dd60b3bbaf.html","canning-bottling-course.html"
"candidate_01_dd60b3bbaf.html","sugar-preservation-course.html"
"candidate_01_dd60b3bbaf.html","oil-preservation-course.html"
"candidate_01_dd60b3bbaf.html","waxing-fruits-course.html"
"candidate_01_dd60b3bbaf.html","vacuum-sealing-course.html"
"candidate_01_dd60b3bbaf.html","freezing-techniques-course.html"
"candidate_01_dd60b3bbaf.html","modified-atmosphere-course.html"
"candidate_01_dd60b3bbaf.html","irradiation-basics-course.html"
"candidate_01_dd60b3bbaf.html","root-cellaring-course.html"
"candidate_01_dd60b3bbaf.html","cold-storage-design-course.html"
"candidate_01_dd60b3bbaf.html","grain-storage-course.html"
"candidate_01_dd60b3bbaf.html","cattle-feed-production-course.html"
"candidate_01_dd60b3bbaf.html","poultry-feed-production-course.html"
"candidate_01_dd60b3bbaf.html","pig-sheep-goat-feed-course.html"
"candidate_01_dd60b3bbaf.html","fish-duck-rabbit-feed-course.html"
"candidate_01_dd60b3bbaf.html","dog-cat-alternatives-feed-course.html"
"candidate_01_dd60b3bbaf.html","avocado-farming-course.html"
"candidate_01_dd60b3bbaf.html","banana-farming-course.html"
"candidate_01_dd60b3bbaf.html","beans-legumes-farming-course.html"
"candidate_01_dd60b3bbaf.html","bee-farming-course.html"
"candidate_01_dd60b3bbaf.html","cassava-farming-course.html"
"candidate_01_dd60b3bbaf.html","cattle-farming-course.html"
"candidate_01_dd60b3bbaf.html","cotton-farming-course.html"
"candidate_01_dd60b3bbaf.html","crocodile-farming-course.html"
"candidate_01_dd60b3bbaf.html","dairy-production-course.html"
"candidate_01_dd60b3bbaf.html","duck-farming-course.html"
"candidate_01_dd60b3bbaf.html","fishing-fish-farming-course.html"
"candidate_01_dd60b3bbaf.html","forestry-tree-planting-course.html"
"candidate_01_dd60b3bbaf.html","general-agriculture-course.html"
"candidate_01_dd60b3bbaf.html","goat-sheep-rearing-course.html"
"candidate_01_dd60b3bbaf.html","grafting-budding-orchards-course.html"
"candidate_01_dd60b3bbaf.html","grasscutter-farming-course.html"
"candidate_01_dd60b3bbaf.html","groundnut-farming-course.html"
"candidate_01_dd60b3bbaf.html","guinea-fowl-farming-course.html"
"candidate_01_dd60b3bbaf.html","irish-potato-farming-course.html"
"candidate_01_dd60b3bbaf.html","maize-farming-course.html"
"candidate_01_dd60b3bbaf.html","mango-citrus-farming-course.html"
"candidate_01_dd60b3bbaf.html","mushroom-farming-course.html"
"candidate_01_dd60b3bbaf.html","onion-farming-course.html"
"candidate_01_dd60b3bbaf.html","ostrich-farming-course.html"
"candidate_01_dd60b3bbaf.html","potato-farming-course.html"
"candidate_01_dd60b3bbaf.html","poultry-farming-course.html"
"candidate_01_dd60b3bbaf.html","quail-farming-course.html"
"candidate_01_dd60b3bbaf.html","rabbit-farming-course.html"
"candidate_01_dd60b3bbaf.html","rice-farming-course.html"
"candidate_01_dd60b3bbaf.html","snail-farming-course.html"
"candidate_01_dd60b3bbaf.html","sorghum-millet-farming-course.html"
"candidate_01_dd60b3bbaf.html","soybean-farming-course.html"
"candidate_01_dd60b3bbaf.html","sunflower-farming-course.html"
"candidate_01_dd60b3bbaf.html","sweet-potato-farming-course.html"
"candidate_01_dd60b3bbaf.html","tomato-farming-course.html"
"candidate_01_dd60b3bbaf.html","turkey-farming-course.html"
"candidate_01_dd60b3bbaf.html","vegetable-production-course.html"
"candidate_01_dd60b3bbaf.html","wheat-barley-farming-course.html"
"candidate_01_dd60b3bbaf.html","yam-farming-course.html"
"candidate_01_dd60b3bbaf.html","soap-making-course.html"
"candidate_01_dd60b3bbaf.html","solar-drying-course.html"
"candidate_01_dd60b3bbaf.html","ai-fundamentals-course.html"
"candidate_01_dd60b3bbaf.html","arabic-language-course.html"
"candidate_01_dd60b3bbaf.html","bakery-lessons.html"
"candidate_01_dd60b3bbaf.html","beef-farming-course.html"
"candidate_01_dd60b3bbaf.html","butchery-lessons.html"
"candidate_01_dd60b3bbaf.html","cassava-processing-course.html"
"candidate_01_dd60b3bbaf.html","chinese-language-course.html"
"candidate_01_dd60b3bbaf.html","cocoa-farming-course.html"
"candidate_01_dd60b3bbaf.html","cybersecurity-course.html"
"candidate_01_dd60b3bbaf.html","data-science-course.html"
"candidate_01_dd60b3bbaf.html","digital-marketing-course.html"
"candidate_01_dd60b3bbaf.html","drone-fundamentals-course.html"
"candidate_01_dd60b3bbaf.html","entrepreneurship-course.html"
"candidate_01_dd60b3bbaf.html","financial-literacy-course.html"
"candidate_01_dd60b3bbaf.html","hay-making-course.html"
"candidate_01_dd60b3bbaf.html","healthcare-course.html"
"candidate_01_dd60b3bbaf.html","iot-course.html"
"candidate_01_dd60b3bbaf.html","leather-working-course.html"
"candidate_01_dd60b3bbaf.html","mental-health-course.html"
"candidate_01_dd60b3bbaf.html","mobile-app-development-course.html"
"candidate_01_dd60b3bbaf.html","nutrition-food-safety-course.html"
"candidate_01_dd60b3bbaf.html","project-management-course.html"
"candidate_01_dd60b3bbaf.html","robotics-basics-course.html"
"candidate_01_dd60b3bbaf.html","silage-making-course.html"
"candidate_01_dd60b3bbaf.html","solar-energy-course.html"
"candidate_01_dd60b3bbaf.html","spanish-language-course.html"
"candidate_01_dd60b3bbaf.html","supply-chain-course.html"
"candidate_01_dd60b3bbaf.html","swahili-language-course.html"
"candidate_01_dd60b3bbaf.html","web-development-course.html"
"candidate_01_dd60b3bbaf.html","cassava-flour-processing-course.html"
"candidate_01_dd60b3bbaf.html","cassava-starch-extraction-course.html"
"candidate_01_dd60b3bbaf.html","cassava-bread-baking-course.html"
"candidate_01_dd60b3bbaf.html","cassava-chips-crisps-course.html"
"candidate_01_dd60b3bbaf.html","high-quality-cassava-flour-course.html"
"candidate_01_dd60b3bbaf.html","cassava-leaves-vegetable-course.html"
"candidate_01_dd60b3bbaf.html","farm-financial-management-course.html"
"candidate_01_dd60b3bbaf.html","agricultural-record-keeping-course.html"
"candidate_01_dd60b3bbaf.html","farm-market-access-pricing-course.html"
"candidate_01_dd60b3bbaf.html","agricultural-cooperative-formation-course.html"
"candidate_01_dd60b3bbaf.html","business-plan-development-course.html"
"candidate_01_dd60b3bbaf.html","farm-labor-management-course.html"
"candidate_01_dd60b3bbaf.html","drought-resistant-crops-course.html"
"candidate_01_dd60b3bbaf.html","irrigation-systems-smallholds-course.html"
"candidate_01_dd60b3bbaf.html","soil-conservation-restoration-course.html"
"candidate_01_dd60b3bbaf.html","crop-rotation-intercropping-course.html"
"candidate_01_dd60b3bbaf.html","climate-smart-crop-calendar-course.html"
"candidate_01_dd60b3bbaf.html","fruit-vegetable-preservation-course.html"
"candidate_01_dd60b3bbaf.html","honey-processing-packaging-course.html"
"candidate_01_dd60b3bbaf.html","grain-legume-storage-course.html"
"candidate_01_dd60b3bbaf.html","tomato-paste-sauce-course.html"
"candidate_01_dd60b3bbaf.html","fruit-juice-concentrate-course.html"
"candidate_01_dd60b3bbaf.html","export-standards-certification-course.html"
"candidate_01_dd60b3bbaf.html","packaging-export-markets-course.html"
"candidate_01_dd60b3bbaf.html","quality-control-testing-course.html"
"candidate_01_dd60b3bbaf.html","international-trade-basics-course.html"
"candidate_01_dd60b3bbaf.html","soil-testing-nutrient-management-course.html"
"candidate_01_dd60b3bbaf.html","mechanized-equipment-rental-course.html"
"candidate_01_dd60b3bbaf.html","solar-energy-farms-course.html"
"candidate_01_dd60b3bbaf.html","chicken-egg-production-intensive-course.html"
"candidate_01_dd60b3bbaf.html","pig-fattening-operations-course.html"
"candidate_01_dd60b3bbaf.html","goat-breeding-selection-course.html"
"candidate_01_dd60b3bbaf.html","fish-fingerling-production-course.html"
"candidate_02_f46aff273c.html","food-preservation-methods-course.html"
"candidate_02_f46aff273c.html","dehydration-course.html"
"candidate_02_f46aff273c.html","smoking-fish-meat-course.html"
"candidate_02_f46aff273c.html","salting-brining-course.html"
"candidate_02_f46aff273c.html","pickling-vegetables-course.html"
"candidate_02_f46aff273c.html","fermentation-course.html"
"candidate_02_f46aff273c.html","canning-bottling-course.html"
"candidate_02_f46aff273c.html","sugar-preservation-course.html"
"candidate_02_f46aff273c.html","oil-preservation-course.html"
"candidate_02_f46aff273c.html","waxing-fruits-course.html"
"candidate_02_f46aff273c.html","vacuum-sealing-course.html"
"candidate_02_f46aff273c.html","freezing-techniques-course.html"
"candidate_02_f46aff273c.html","modified-atmosphere-course.html"
"candidate_02_f46aff273c.html","irradiation-basics-course.html"
"candidate_02_f46aff273c.html","root-cellaring-course.html"
"candidate_02_f46aff273c.html","cold-storage-design-course.html"
"candidate_02_f46aff273c.html","grain-storage-course.html"
"candidate_02_f46aff273c.html","cattle-feed-production-course.html"
"candidate_02_f46aff273c.html","poultry-feed-production-course.html"
"candidate_02_f46aff273c.html","pig-sheep-goat-feed-course.html"
"candidate_02_f46aff273c.html","fish-duck-rabbit-feed-course.html"
"candidate_02_f46aff273c.html","dog-cat-alternatives-feed-course.html"
"candidate_02_f46aff273c.html","avocado-farming-course.html"
"candidate_02_f46aff273c.html","banana-farming-course.html"
"candidate_02_f46aff273c.html","beans-legumes-farming-course.html"
"candidate_02_f46aff273c.html","bee-farming-course.html"
"candidate_02_f46aff273c.html","cassava-farming-course.html"
"candidate_02_f46aff273c.html","cattle-farming-course.html"
"candidate_02_f46aff273c.html","cotton-farming-course.html"
"candidate_02_f46aff273c.html","crocodile-farming-course.html"
"candidate_02_f46aff273c.html","dairy-production-course.html"
"candidate_02_f46aff273c.html","duck-farming-course.html"
"candidate_02_f46aff273c.html","fishing-fish-farming-course.html"
"candidate_02_f46aff273c.html","forestry-tree-planting-course.html"
"candidate_02_f46aff273c.html","general-agriculture-course.html"
"candidate_02_f46aff273c.html","goat-sheep-rearing-course.html"
"candidate_02_f46aff273c.html","grafting-budding-orchards-course.html"
"candidate_02_f46aff273c.html","grasscutter-farming-course.html"
"candidate_02_f46aff273c.html","groundnut-farming-course.html"
"candidate_02_f46aff273c.html","guinea-fowl-farming-course.html"
"candidate_02_f46aff273c.html","irish-potato-farming-course.html"
"candidate_02_f46aff273c.html","maize-farming-course.html"
"candidate_02_f46aff273c.html","mango-citrus-farming-course.html"
"candidate_02_f46aff273c.html","mushroom-farming-course.html"
"candidate_02_f46aff273c.html","onion-farming-course.html"
"candidate_02_f46aff273c.html","ostrich-farming-course.html"
"candidate_02_f46aff273c.html","potato-farming-course.html"
"candidate_02_f46aff273c.html","poultry-farming-course.html"
"candidate_02_f46aff273c.html","quail-farming-course.html"
"candidate_02_f46aff273c.html","rabbit-farming-course.html"
"candidate_02_f46aff273c.html","rice-farming-course.html"
"candidate_02_f46aff273c.html","snail-farming-course.html"
"candidate_02_f46aff273c.html","sorghum-millet-farming-course.html"
"candidate_02_f46aff273c.html","soybean-farming-course.html"
"candidate_02_f46aff273c.html","sunflower-farming-course.html"
"candidate_02_f46aff273c.html","sweet-potato-farming-course.html"
"candidate_02_f46aff273c.html","tomato-farming-course.html"
"candidate_02_f46aff273c.html","turkey-farming-course.html"
"candidate_02_f46aff273c.html","vegetable-production-course.html"
"candidate_02_f46aff273c.html","wheat-barley-farming-course.html"
"candidate_02_f46aff273c.html","yam-farming-course.html"
"candidate_02_f46aff273c.html","soap-making-course.html"
"candidate_02_f46aff273c.html","solar-drying-course.html"
"candidate_02_f46aff273c.html","ai-fundamentals-course.html"
"candidate_02_f46aff273c.html","arabic-language-course.html"
"candidate_02_f46aff273c.html","bakery-lessons.html"
"candidate_02_f46aff273c.html","beef-farming-course.html"
"candidate_02_f46aff273c.html","butchery-lessons.html"
"candidate_02_f46aff273c.html","cassava-processing-course.html"
"candidate_02_f46aff273c.html","chinese-language-course.html"
"candidate_02_f46aff273c.html","cocoa-farming-course.html"
"candidate_02_f46aff273c.html","cybersecurity-course.html"
"candidate_02_f46aff273c.html","data-science-course.html"
"candidate_02_f46aff273c.html","digital-marketing-course.html"
"candidate_02_f46aff273c.html","drone-fundamentals-course.html"
"candidate_02_f46aff273c.html","entrepreneurship-course.html"
"candidate_02_f46aff273c.html","financial-literacy-course.html"
"candidate_02_f46aff273c.html","hay-making-course.html"
"candidate_02_f46aff273c.html","healthcare-course.html"
"candidate_02_f46aff273c.html","iot-course.html"
"candidate_02_f46aff273c.html","leather-working-course.html"
"candidate_02_f46aff273c.html","mental-health-course.html"
"candidate_02_f46aff273c.html","mobile-app-development-course.html"
"candidate_02_f46aff273c.html","nutrition-food-safety-course.html"
"candidate_02_f46aff273c.html","project-management-course.html"
"candidate_02_f46aff273c.html","robotics-basics-course.html"
"candidate_02_f46aff273c.html","silage-making-course.html"
"candidate_02_f46aff273c.html","solar-energy-course.html"
"candidate_02_f46aff273c.html","spanish-language-course.html"
"candidate_02_f46aff273c.html","supply-chain-course.html"
"candidate_02_f46aff273c.html","swahili-language-course.html"
"candidate_02_f46aff273c.html","web-development-course.html"
"candidate_02_f46aff273c.html","cassava-flour-processing-course.html"
"candidate_02_f46aff273c.html","cassava-starch-extraction-course.html"
"candidate_02_f46aff273c.html","cassava-bread-baking-course.html"
"candidate_02_f46aff273c.html","cassava-chips-crisps-course.html"
"candidate_02_f46aff273c.html","high-quality-cassava-flour-course.html"
"candidate_02_f46aff273c.html","cassava-leaves-vegetable-course.html"
"candidate_02_f46aff273c.html","farm-financial-management-course.html"
"candidate_02_f46aff273c.html","agricultural-record-keeping-course.html"
"candidate_02_f46aff273c.html","farm-market-access-pricing-course.html"
"candidate_02_f46aff273c.html","agricultural-cooperative-formation-course.html"
"candidate_02_f46aff273c.html","business-plan-development-course.html"
"candidate_02_f46aff273c.html","farm-labor-management-course.html"
"candidate_02_f46aff273c.html","drought-resistant-crops-course.html"
"candidate_02_f46aff273c.html","irrigation-systems-smallholds-course.html"
"candidate_02_f46aff273c.html","soil-conservation-restoration-course.html"
"candidate_02_f46aff273c.html","crop-rotation-intercropping-course.html"
"candidate_02_f46aff273c.html","climate-smart-crop-calendar-course.html"
"candidate_02_f46aff273c.html","fruit-vegetable-preservation-course.html"
"candidate_02_f46aff273c.html","honey-processing-packaging-course.html"
"candidate_02_f46aff273c.html","grain-legume-storage-course.html"
"candidate_02_f46aff273c.html","tomato-paste-sauce-course.html"
"candidate_02_f46aff273c.html","fruit-juice-concentrate-course.html"
"candidate_02_f46aff273c.html","export-standards-certification-course.html"
"candidate_02_f46aff273c.html","packaging-export-markets-course.html"
"candidate_02_f46aff273c.html","quality-control-testing-course.html"
"candidate_02_f46aff273c.html","international-trade-basics-course.html"
"candidate_02_f46aff273c.html","soil-testing-nutrient-management-course.html"
"candidate_02_f46aff273c.html","mechanized-equipment-rental-course.html"
"candidate_02_f46aff273c.html","solar-energy-farms-course.html"
"candidate_02_f46aff273c.html","chicken-egg-production-intensive-course.html"
"candidate_02_f46aff273c.html","pig-fattening-operations-course.html"
"candidate_02_f46aff273c.html","goat-breeding-selection-course.html"
"candidate_02_f46aff273c.html","fish-fingerling-production-course.html"
"candidate_03_602f583255.html","food-preservation-methods-course.html"
"candidate_03_602f583255.html","dehydration-course.html"
"candidate_03_602f583255.html","smoking-fish-meat-course.html"
"candidate_03_602f583255.html","salting-brining-course.html"
"candidate_03_602f583255.html","pickling-vegetables-course.html"
"candidate_03_602f583255.html","fermentation-course.html"
"candidate_03_602f583255.html","canning-bottling-course.html"
"candidate_03_602f583255.html","sugar-preservation-course.html"
"candidate_03_602f583255.html","oil-preservation-course.html"
"candidate_03_602f583255.html","waxing-fruits-course.html"
"candidate_03_602f583255.html","vacuum-sealing-course.html"
"candidate_03_602f583255.html","freezing-techniques-course.html"
"candidate_03_602f583255.html","modified-atmosphere-course.html"
"candidate_03_602f583255.html","irradiation-basics-course.html"
"candidate_03_602f583255.html","root-cellaring-course.html"
"candidate_03_602f583255.html","cold-storage-design-course.html"
"candidate_03_602f583255.html","grain-storage-course.html"
"candidate_03_602f583255.html","cattle-feed-production-course.html"
"candidate_03_602f583255.html","poultry-feed-production-course.html"
"candidate_03_602f583255.html","pig-sheep-goat-feed-course.html"
"candidate_03_602f583255.html","fish-duck-rabbit-feed-course.html"
"candidate_03_602f583255.html","dog-cat-alternatives-feed-course.html"
"candidate_03_602f583255.html","avocado-farming-course.html"
"candidate_03_602f583255.html","banana-farming-course.html"
"candidate_03_602f583255.html","beans-legumes-farming-course.html"
"candidate_03_602f583255.html","bee-farming-course.html"
"candidate_03_602f583255.html","cassava-farming-course.html"
"candidate_03_602f583255.html","cattle-farming-course.html"
"candidate_03_602f583255.html","cotton-farming-course.html"
"candidate_03_602f583255.html","crocodile-farming-course.html"
"candidate_03_602f583255.html","dairy-production-course.html"
"candidate_03_602f583255.html","duck-farming-course.html"
"candidate_03_602f583255.html","fishing-fish-farming-course.html"
"candidate_03_602f583255.html","forestry-tree-planting-course.html"
"candidate_03_602f583255.html","general-agriculture-course.html"
"candidate_03_602f583255.html","goat-sheep-rearing-course.html"
"candidate_03_602f583255.html","grafting-budding-orchards-course.html"
"candidate_03_602f583255.html","grasscutter-farming-course.html"
"candidate_03_602f583255.html","groundnut-farming-course.html"
"candidate_03_602f583255.html","guinea-fowl-farming-course.html"
"candidate_03_602f583255.html","irish-potato-farming-course.html"
"candidate_03_602f583255.html","maize-farming-course.html"
"candidate_03_602f583255.html","mango-citrus-farming-course.html"
"candidate_03_602f583255.html","mushroom-farming-course.html"
"candidate_03_602f583255.html","onion-farming-course.html"
"candidate_03_602f583255.html","ostrich-farming-course.html"
"candidate_03_602f583255.html","potato-farming-course.html"
"candidate_03_602f583255.html","poultry-farming-course.html"
"candidate_03_602f583255.html","quail-farming-course.html"
"candidate_03_602f583255.html","rabbit-farming-course.html"
"candidate_03_602f583255.html","rice-farming-course.html"
"candidate_03_602f583255.html","snail-farming-course.html"
"candidate_03_602f583255.html","sorghum-millet-farming-course.html"
"candidate_03_602f583255.html","soybean-farming-course.html"
"candidate_03_602f583255.html","sunflower-farming-course.html"
"candidate_03_602f583255.html","sweet-potato-farming-course.html"
"candidate_03_602f583255.html","tomato-farming-course.html"
"candidate_03_602f583255.html","turkey-farming-course.html"
"candidate_03_602f583255.html","vegetable-production-course.html"
"candidate_03_602f583255.html","wheat-barley-farming-course.html"
"candidate_03_602f583255.html","yam-farming-course.html"
"candidate_03_602f583255.html","soap-making-course.html"
"candidate_03_602f583255.html","solar-drying-course.html"
"candidate_03_602f583255.html","ai-fundamentals-course.html"
"candidate_03_602f583255.html","arabic-language-course.html"
"candidate_03_602f583255.html","bakery-lessons.html"
"candidate_03_602f583255.html","beef-farming-course.html"
"candidate_03_602f583255.html","butchery-lessons.html"
"candidate_03_602f583255.html","cassava-processing-course.html"
"candidate_03_602f583255.html","chinese-language-course.html"
"candidate_03_602f583255.html","cocoa-farming-course.html"
"candidate_03_602f583255.html","cybersecurity-course.html"
"candidate_03_602f583255.html","data-science-course.html"
"candidate_03_602f583255.html","digital-marketing-course.html"
"candidate_03_602f583255.html","drone-fundamentals-course.html"
"candidate_03_602f583255.html","entrepreneurship-course.html"
"candidate_03_602f583255.html","financial-literacy-course.html"
"candidate_03_602f583255.html","hay-making-course.html"
"candidate_03_602f583255.html","healthcare-course.html"
"candidate_03_602f583255.html","iot-course.html"
"candidate_03_602f583255.html","leather-working-course.html"
"candidate_03_602f583255.html","mental-health-course.html"
"candidate_03_602f583255.html","mobile-app-development-course.html"
"candidate_03_602f583255.html","nutrition-food-safety-course.html"
"candidate_03_602f583255.html","project-management-course.html"
"candidate_03_602f583255.html","robotics-basics-course.html"
"candidate_03_602f583255.html","silage-making-course.html"
"candidate_03_602f583255.html","solar-energy-course.html"
"candidate_03_602f583255.html","spanish-language-course.html"
"candidate_03_602f583255.html","supply-chain-course.html"
"candidate_03_602f583255.html","swahili-language-course.html"
"candidate_03_602f583255.html","web-development-course.html"
"candidate_03_602f583255.html","cassava-flour-processing-course.html"
"candidate_03_602f583255.html","cassava-starch-extraction-course.html"
"candidate_03_602f583255.html","cassava-bread-baking-course.html"
"candidate_03_602f583255.html","cassava-chips-crisps-course.html"
"candidate_03_602f583255.html","high-quality-cassava-flour-course.html"
"candidate_03_602f583255.html","cassava-leaves-vegetable-course.html"
"candidate_03_602f583255.html","farm-financial-management-course.html"
"candidate_03_602f583255.html","agricultural-record-keeping-course.html"
"candidate_03_602f583255.html","farm-market-access-pricing-course.html"
"candidate_03_602f583255.html","agricultural-cooperative-formation-course.html"
"candidate_03_602f583255.html","business-plan-development-course.html"
"candidate_03_602f583255.html","farm-labor-management-course.html"
"candidate_03_602f583255.html","drought-resistant-crops-course.html"
"candidate_03_602f583255.html","irrigation-systems-smallholds-course.html"
"candidate_03_602f583255.html","soil-conservation-restoration-course.html"
"candidate_03_602f583255.html","crop-rotation-intercropping-course.html"
"candidate_03_602f583255.html","climate-smart-crop-calendar-course.html"
"candidate_03_602f583255.html","fruit-vegetable-preservation-course.html"
"candidate_03_602f583255.html","honey-processing-packaging-course.html"
"candidate_03_602f583255.html","grain-legume-storage-course.html"
"candidate_03_602f583255.html","tomato-paste-sauce-course.html"
"candidate_03_602f583255.html","fruit-juice-concentrate-course.html"
"candidate_03_602f583255.html","export-standards-certification-course.html"
"candidate_03_602f583255.html","packaging-export-markets-course.html"
"candidate_03_602f583255.html","quality-control-testing-course.html"
"candidate_03_602f583255.html","international-trade-basics-course.html"
"candidate_03_602f583255.html","soil-testing-nutrient-management-course.html"
"candidate_03_602f583255.html","mechanized-equipment-rental-course.html"
"candidate_03_602f583255.html","solar-energy-farms-course.html"
"candidate_03_602f583255.html","chicken-egg-production-intensive-course.html"
"candidate_03_602f583255.html","pig-fattening-operations-course.html"
"candidate_03_602f583255.html","goat-breeding-selection-course.html"
"candidate_03_602f583255.html","fish-fingerling-production-course.html"
"candidate_04_3c99b373a5.html","food-preservation-methods-course.html"
"candidate_04_3c99b373a5.html","dehydration-course.html"
"candidate_04_3c99b373a5.html","smoking-fish-meat-course.html"
"candidate_04_3c99b373a5.html","salting-brining-course.html"
"candidate_04_3c99b373a5.html","pickling-vegetables-course.html"
"candidate_04_3c99b373a5.html","fermentation-course.html"
"candidate_04_3c99b373a5.html","canning-bottling-course.html"
"candidate_04_3c99b373a5.html","sugar-preservation-course.html"
"candidate_04_3c99b373a5.html","oil-preservation-course.html"
"candidate_04_3c99b373a5.html","waxing-fruits-course.html"
"candidate_04_3c99b373a5.html","vacuum-sealing-course.html"
"candidate_04_3c99b373a5.html","freezing-techniques-course.html"
"candidate_04_3c99b373a5.html","modified-atmosphere-course.html"
"candidate_04_3c99b373a5.html","irradiation-basics-course.html"
"candidate_04_3c99b373a5.html","root-cellaring-course.html"
"candidate_04_3c99b373a5.html","cold-storage-design-course.html"
"candidate_04_3c99b373a5.html","grain-storage-course.html"
"candidate_04_3c99b373a5.html","cattle-feed-production-course.html"
"candidate_04_3c99b373a5.html","poultry-feed-production-course.html"
"candidate_04_3c99b373a5.html","pig-sheep-goat-feed-course.html"
"candidate_04_3c99b373a5.html","fish-duck-rabbit-feed-course.html"
"candidate_04_3c99b373a5.html","dog-cat-alternatives-feed-course.html"
"candidate_04_3c99b373a5.html","avocado-farming-course.html"
"candidate_04_3c99b373a5.html","banana-farming-course.html"
"candidate_04_3c99b373a5.html","beans-legumes-farming-course.html"
"candidate_04_3c99b373a5.html","bee-farming-course.html"
"candidate_04_3c99b373a5.html","cassava-farming-course.html"
"candidate_04_3c99b373a5.html","cattle-farming-course.html"
"candidate_04_3c99b373a5.html","cotton-farming-course.html"
"candidate_04_3c99b373a5.html","crocodile-farming-course.html"
"candidate_04_3c99b373a5.html","dairy-production-course.html"
"candidate_04_3c99b373a5.html","duck-farming-course.html"
"candidate_04_3c99b373a5.html","fishing-fish-farming-course.html"
"candidate_04_3c99b373a5.html","forestry-tree-planting-course.html"
"candidate_04_3c99b373a5.html","general-agriculture-course.html"
"candidate_04_3c99b373a5.html","goat-sheep-rearing-course.html"
"candidate_04_3c99b373a5.html","grafting-budding-orchards-course.html"
"candidate_04_3c99b373a5.html","grasscutter-farming-course.html"
"candidate_04_3c99b373a5.html","groundnut-farming-course.html"
"candidate_04_3c99b373a5.html","guinea-fowl-farming-course.html"
"candidate_04_3c99b373a5.html","irish-potato-farming-course.html"
"candidate_04_3c99b373a5.html","maize-farming-course.html"
"candidate_04_3c99b373a5.html","mango-citrus-farming-course.html"
"candidate_04_3c99b373a5.html","mushroom-farming-course.html"
"candidate_04_3c99b373a5.html","onion-farming-course.html"
"candidate_04_3c99b373a5.html","ostrich-farming-course.html"
"candidate_04_3c99b373a5.html","potato-farming-course.html"
"candidate_04_3c99b373a5.html","poultry-farming-course.html"
"candidate_04_3c99b373a5.html","quail-farming-course.html"
"candidate_04_3c99b373a5.html","rabbit-farming-course.html"
"candidate_04_3c99b373a5.html","rice-farming-course.html"
"candidate_04_3c99b373a5.html","snail-farming-course.html"
"candidate_04_3c99b373a5.html","sorghum-millet-farming-course.html"
"candidate_04_3c99b373a5.html","soybean-farming-course.html"
"candidate_04_3c99b373a5.html","sunflower-farming-course.html"
"candidate_04_3c99b373a5.html","sweet-potato-farming-course.html"
"candidate_04_3c99b373a5.html","tomato-farming-course.html"
"candidate_04_3c99b373a5.html","turkey-farming-course.html"
"candidate_04_3c99b373a5.html","vegetable-production-course.html"
"candidate_04_3c99b373a5.html","wheat-barley-farming-course.html"
"candidate_04_3c99b373a5.html","yam-farming-course.html"
"candidate_04_3c99b373a5.html","soap-making-course.html"
"candidate_04_3c99b373a5.html","solar-drying-course.html"
"candidate_04_3c99b373a5.html","ai-fundamentals-course.html"
"candidate_04_3c99b373a5.html","arabic-language-course.html"
"candidate_04_3c99b373a5.html","bakery-lessons.html"
"candidate_04_3c99b373a5.html","beef-farming-course.html"
"candidate_04_3c99b373a5.html","butchery-lessons.html"
"candidate_04_3c99b373a5.html","cassava-processing-course.html"
"candidate_04_3c99b373a5.html","chinese-language-course.html"
"candidate_04_3c99b373a5.html","cocoa-farming-course.html"
"candidate_04_3c99b373a5.html","cybersecurity-course.html"
"candidate_04_3c99b373a5.html","data-science-course.html"
"candidate_04_3c99b373a5.html","digital-marketing-course.html"
"candidate_04_3c99b373a5.html","drone-fundamentals-course.html"
"candidate_04_3c99b373a5.html","entrepreneurship-course.html"
"candidate_04_3c99b373a5.html","financial-literacy-course.html"
"candidate_04_3c99b373a5.html","hay-making-course.html"
"candidate_04_3c99b373a5.html","healthcare-course.html"
"candidate_04_3c99b373a5.html","iot-course.html"
"candidate_04_3c99b373a5.html","leather-working-course.html"
"candidate_04_3c99b373a5.html","mental-health-course.html"
"candidate_04_3c99b373a5.html","mobile-app-development-course.html"
"candidate_04_3c99b373a5.html","nutrition-food-safety-course.html"
"candidate_04_3c99b373a5.html","project-management-course.html"
"candidate_04_3c99b373a5.html","robotics-basics-course.html"
"candidate_04_3c99b373a5.html","silage-making-course.html"
"candidate_04_3c99b373a5.html","solar-energy-course.html"
"candidate_04_3c99b373a5.html","spanish-language-course.html"
"candidate_04_3c99b373a5.html","supply-chain-course.html"
"candidate_04_3c99b373a5.html","swahili-language-course.html"
"candidate_04_3c99b373a5.html","web-development-course.html"
"candidate_04_3c99b373a5.html","cassava-flour-processing-course.html"
"candidate_04_3c99b373a5.html","cassava-starch-extraction-course.html"
"candidate_04_3c99b373a5.html","cassava-bread-baking-course.html"
"candidate_04_3c99b373a5.html","cassava-chips-crisps-course.html"
"candidate_04_3c99b373a5.html","high-quality-cassava-flour-course.html"
"candidate_04_3c99b373a5.html","cassava-leaves-vegetable-course.html"
"candidate_04_3c99b373a5.html","farm-financial-management-course.html"
"candidate_04_3c99b373a5.html","agricultural-record-keeping-course.html"
"candidate_04_3c99b373a5.html","farm-market-access-pricing-course.html"
"candidate_04_3c99b373a5.html","agricultural-cooperative-formation-course.html"
"candidate_04_3c99b373a5.html","business-plan-development-course.html"
"candidate_04_3c99b373a5.html","farm-labor-management-course.html"
"candidate_04_3c99b373a5.html","drought-resistant-crops-course.html"
"candidate_04_3c99b373a5.html","irrigation-systems-smallholds-course.html"
"candidate_04_3c99b373a5.html","soil-conservation-restoration-course.html"
"candidate_04_3c99b373a5.html","crop-rotation-intercropping-course.html"
"candidate_04_3c99b373a5.html","climate-smart-crop-calendar-course.html"
"candidate_04_3c99b373a5.html","fruit-vegetable-preservation-course.html"
"candidate_04_3c99b373a5.html","honey-processing-packaging-course.html"
"candidate_04_3c99b373a5.html","grain-legume-storage-course.html"
"candidate_04_3c99b373a5.html","tomato-paste-sauce-course.html"
"candidate_04_3c99b373a5.html","fruit-juice-concentrate-course.html"
"candidate_04_3c99b373a5.html","export-standards-certification-course.html"
"candidate_04_3c99b373a5.html","packaging-export-markets-course.html"
"candidate_04_3c99b373a5.html","quality-control-testing-course.html"
"candidate_04_3c99b373a5.html","international-trade-basics-course.html"
"candidate_04_3c99b373a5.html","soil-testing-nutrient-management-course.html"
"candidate_04_3c99b373a5.html","mechanized-equipment-rental-course.html"
"candidate_04_3c99b373a5.html","solar-energy-farms-course.html"
"candidate_04_3c99b373a5.html","chicken-egg-production-intensive-course.html"
"candidate_04_3c99b373a5.html","pig-fattening-operations-course.html"
"candidate_04_3c99b373a5.html","goat-breeding-selection-course.html"
"candidate_04_3c99b373a5.html","fish-fingerling-production-course.html"
"candidate_05_cfbe52ccbf.html","food-preservation-methods-course.html"
"candidate_05_cfbe52ccbf.html","dehydration-course.html"
"candidate_05_cfbe52ccbf.html","smoking-fish-meat-course.html"
"candidate_05_cfbe52ccbf.html","salting-brining-course.html"
"candidate_05_cfbe52ccbf.html","pickling-vegetables-course.html"
"candidate_05_cfbe52ccbf.html","fermentation-course.html"
"candidate_05_cfbe52ccbf.html","canning-bottling-course.html"
"candidate_05_cfbe52ccbf.html","sugar-preservation-course.html"
"candidate_05_cfbe52ccbf.html","oil-preservation-course.html"
"candidate_05_cfbe52ccbf.html","waxing-fruits-course.html"
"candidate_05_cfbe52ccbf.html","vacuum-sealing-course.html"
"candidate_05_cfbe52ccbf.html","freezing-techniques-course.html"
"candidate_05_cfbe52ccbf.html","modified-atmosphere-course.html"
"candidate_05_cfbe52ccbf.html","irradiation-basics-course.html"
"candidate_05_cfbe52ccbf.html","root-cellaring-course.html"
"candidate_05_cfbe52ccbf.html","cold-storage-design-course.html"
"candidate_05_cfbe52ccbf.html","grain-storage-course.html"
"candidate_05_cfbe52ccbf.html","cattle-feed-production-course.html"
"candidate_05_cfbe52ccbf.html","poultry-feed-production-course.html"
"candidate_05_cfbe52ccbf.html","pig-sheep-goat-feed-course.html"
"candidate_05_cfbe52ccbf.html","fish-duck-rabbit-feed-course.html"
"candidate_05_cfbe52ccbf.html","dog-cat-alternatives-feed-course.html"
"candidate_05_cfbe52ccbf.html","avocado-farming-course.html"
"candidate_05_cfbe52ccbf.html","banana-farming-course.html"
"candidate_05_cfbe52ccbf.html","beans-legumes-farming-course.html"
"candidate_05_cfbe52ccbf.html","bee-farming-course.html"
"candidate_05_cfbe52ccbf.html","cassava-farming-course.html"
"candidate_05_cfbe52ccbf.html","cattle-farming-course.html"
"candidate_05_cfbe52ccbf.html","cotton-farming-course.html"
"candidate_05_cfbe52ccbf.html","crocodile-farming-course.html"
"candidate_05_cfbe52ccbf.html","dairy-production-course.html"
"candidate_05_cfbe52ccbf.html","duck-farming-course.html"
"candidate_05_cfbe52ccbf.html","fishing-fish-farming-course.html"
"candidate_05_cfbe52ccbf.html","forestry-tree-planting-course.html"
"candidate_05_cfbe52ccbf.html","general-agriculture-course.html"
"candidate_05_cfbe52ccbf.html","goat-sheep-rearing-course.html"
"candidate_05_cfbe52ccbf.html","grafting-budding-orchards-course.html"
"candidate_05_cfbe52ccbf.html","grasscutter-farming-course.html"
"candidate_05_cfbe52ccbf.html","groundnut-farming-course.html"
"candidate_05_cfbe52ccbf.html","guinea-fowl-farming-course.html"
"candidate_05_cfbe52ccbf.html","irish-potato-farming-course.html"
"candidate_05_cfbe52ccbf.html","maize-farming-course.html"
"candidate_05_cfbe52ccbf.html","mango-citrus-farming-course.html"
"candidate_05_cfbe52ccbf.html","mushroom-farming-course.html"
"candidate_05_cfbe52ccbf.html","onion-farming-course.html"
"candidate_05_cfbe52ccbf.html","ostrich-farming-course.html"
"candidate_05_cfbe52ccbf.html","potato-farming-course.html"
"candidate_05_cfbe52ccbf.html","poultry-farming-course.html"
"candidate_05_cfbe52ccbf.html","quail-farming-course.html"
"candidate_05_cfbe52ccbf.html","rabbit-farming-course.html"
"candidate_05_cfbe52ccbf.html","rice-farming-course.html"
"candidate_05_cfbe52ccbf.html","snail-farming-course.html"
"candidate_05_cfbe52ccbf.html","sorghum-millet-farming-course.html"
"candidate_05_cfbe52ccbf.html","soybean-farming-course.html"
"candidate_05_cfbe52ccbf.html","sunflower-farming-course.html"
"candidate_05_cfbe52ccbf.html","sweet-potato-farming-course.html"
"candidate_05_cfbe52ccbf.html","tomato-farming-course.html"
"candidate_05_cfbe52ccbf.html","turkey-farming-course.html"
"candidate_05_cfbe52ccbf.html","vegetable-production-course.html"
"candidate_05_cfbe52ccbf.html","wheat-barley-farming-course.html"
"candidate_05_cfbe52ccbf.html","yam-farming-course.html"
"candidate_05_cfbe52ccbf.html","soap-making-course.html"
"candidate_05_cfbe52ccbf.html","solar-drying-course.html"
"candidate_05_cfbe52ccbf.html","ai-fundamentals-course.html"
"candidate_05_cfbe52ccbf.html","arabic-language-course.html"
"candidate_05_cfbe52ccbf.html","bakery-lessons.html"
"candidate_05_cfbe52ccbf.html","beef-farming-course.html"
"candidate_05_cfbe52ccbf.html","butchery-lessons.html"
"candidate_05_cfbe52ccbf.html","cassava-processing-course.html"
"candidate_05_cfbe52ccbf.html","chinese-language-course.html"
"candidate_05_cfbe52ccbf.html","cocoa-farming-course.html"
"candidate_05_cfbe52ccbf.html","cybersecurity-course.html"
"candidate_05_cfbe52ccbf.html","data-science-course.html"
"candidate_05_cfbe52ccbf.html","digital-marketing-course.html"
"candidate_05_cfbe52ccbf.html","drone-fundamentals-course.html"
"candidate_05_cfbe52ccbf.html","entrepreneurship-course.html"
"candidate_05_cfbe52ccbf.html","financial-literacy-course.html"
"candidate_05_cfbe52ccbf.html","hay-making-course.html"
"candidate_05_cfbe52ccbf.html","healthcare-course.html"
"candidate_05_cfbe52ccbf.html","iot-course.html"
"candidate_05_cfbe52ccbf.html","leather-working-course.html"
"candidate_05_cfbe52ccbf.html","mental-health-course.html"
"candidate_05_cfbe52ccbf.html","mobile-app-development-course.html"
"candidate_05_cfbe52ccbf.html","nutrition-food-safety-course.html"
"candidate_05_cfbe52ccbf.html","project-management-course.html"
"candidate_05_cfbe52ccbf.html","robotics-basics-course.html"
"candidate_05_cfbe52ccbf.html","silage-making-course.html"
"candidate_05_cfbe52ccbf.html","solar-energy-course.html"
"candidate_05_cfbe52ccbf.html","spanish-language-course.html"
"candidate_05_cfbe52ccbf.html","supply-chain-course.html"
"candidate_05_cfbe52ccbf.html","swahili-language-course.html"
"candidate_05_cfbe52ccbf.html","web-development-course.html"
"candidate_05_cfbe52ccbf.html","cassava-flour-processing-course.html"
"candidate_05_cfbe52ccbf.html","cassava-starch-extraction-course.html"
"candidate_05_cfbe52ccbf.html","cassava-bread-baking-course.html"
"candidate_05_cfbe52ccbf.html","cassava-chips-crisps-course.html"
"candidate_05_cfbe52ccbf.html","high-quality-cassava-flour-course.html"
"candidate_05_cfbe52ccbf.html","cassava-leaves-vegetable-course.html"
"candidate_05_cfbe52ccbf.html","farm-financial-management-course.html"
"candidate_05_cfbe52ccbf.html","agricultural-record-keeping-course.html"
"candidate_05_cfbe52ccbf.html","farm-market-access-pricing-course.html"
"candidate_05_cfbe52ccbf.html","agricultural-cooperative-formation-course.html"
"candidate_05_cfbe52ccbf.html","business-plan-development-course.html"
"candidate_05_cfbe52ccbf.html","farm-labor-management-course.html"
"candidate_05_cfbe52ccbf.html","drought-resistant-crops-course.html"
"candidate_05_cfbe52ccbf.html","irrigation-systems-smallholds-course.html"
"candidate_05_cfbe52ccbf.html","soil-conservation-restoration-course.html"
"candidate_05_cfbe52ccbf.html","crop-rotation-intercropping-course.html"
"candidate_05_cfbe52ccbf.html","climate-smart-crop-calendar-course.html"
"candidate_05_cfbe52ccbf.html","fruit-vegetable-preservation-course.html"
"candidate_05_cfbe52ccbf.html","honey-processing-packaging-course.html"
"candidate_05_cfbe52ccbf.html","grain-legume-storage-course.html"
"candidate_05_cfbe52ccbf.html","tomato-paste-sauce-course.html"
"candidate_05_cfbe52ccbf.html","fruit-juice-concentrate-course.html"
"candidate_05_cfbe52ccbf.html","export-standards-certification-course.html"
"candidate_05_cfbe52ccbf.html","packaging-export-markets-course.html"
"candidate_05_cfbe52ccbf.html","quality-control-testing-course.html"
"candidate_05_cfbe52ccbf.html","international-trade-basics-course.html"
"candidate_05_cfbe52ccbf.html","soil-testing-nutrient-management-course.html"
"candidate_05_cfbe52ccbf.html","mechanized-equipment-rental-course.html"
"candidate_05_cfbe52ccbf.html","solar-energy-farms-course.html"
"candidate_05_cfbe52ccbf.html","chicken-egg-production-intensive-course.html"
"candidate_05_cfbe52ccbf.html","pig-fattening-operations-course.html"
"candidate_05_cfbe52ccbf.html","goat-breeding-selection-course.html"
"candidate_05_cfbe52ccbf.html","fish-fingerling-production-course.html"
"candidate_06_6f3e98d530.html","food-preservation-methods-course.html"
"candidate_06_6f3e98d530.html","dehydration-course.html"
"candidate_06_6f3e98d530.html","smoking-fish-meat-course.html"
"candidate_06_6f3e98d530.html","salting-brining-course.html"
"candidate_06_6f3e98d530.html","pickling-vegetables-course.html"
"candidate_06_6f3e98d530.html","fermentation-course.html"
"candidate_06_6f3e98d530.html","canning-bottling-course.html"
"candidate_06_6f3e98d530.html","sugar-preservation-course.html"
"candidate_06_6f3e98d530.html","oil-preservation-course.html"
"candidate_06_6f3e98d530.html","waxing-fruits-course.html"
"candidate_06_6f3e98d530.html","vacuum-sealing-course.html"
"candidate_06_6f3e98d530.html","freezing-techniques-course.html"
"candidate_06_6f3e98d530.html","modified-atmosphere-course.html"
"candidate_06_6f3e98d530.html","irradiation-basics-course.html"
"candidate_06_6f3e98d530.html","root-cellaring-course.html"
"candidate_06_6f3e98d530.html","cold-storage-design-course.html"
"candidate_06_6f3e98d530.html","grain-storage-course.html"
"candidate_06_6f3e98d530.html","cattle-feed-production-course.html"
"candidate_06_6f3e98d530.html","poultry-feed-production-course.html"
"candidate_06_6f3e98d530.html","pig-sheep-goat-feed-course.html"
"candidate_06_6f3e98d530.html","fish-duck-rabbit-feed-course.html"
"candidate_06_6f3e98d530.html","dog-cat-alternatives-feed-course.html"
"candidate_06_6f3e98d530.html","avocado-farming-course.html"
"candidate_06_6f3e98d530.html","banana-farming-course.html"
"candidate_06_6f3e98d530.html","beans-legumes-farming-course.html"
"candidate_06_6f3e98d530.html","bee-farming-course.html"
"candidate_06_6f3e98d530.html","cassava-farming-course.html"
"candidate_06_6f3e98d530.html","cattle-farming-course.html"
"candidate_06_6f3e98d530.html","cotton-farming-course.html"
"candidate_06_6f3e98d530.html","crocodile-farming-course.html"
"candidate_06_6f3e98d530.html","dairy-production-course.html"
"candidate_06_6f3e98d530.html","duck-farming-course.html"
"candidate_06_6f3e98d530.html","fishing-fish-farming-course.html"
"candidate_06_6f3e98d530.html","forestry-tree-planting-course.html"
"candidate_06_6f3e98d530.html","general-agriculture-course.html"
"candidate_06_6f3e98d530.html","goat-sheep-rearing-course.html"
"candidate_06_6f3e98d530.html","grafting-budding-orchards-course.html"
"candidate_06_6f3e98d530.html","grasscutter-farming-course.html"
"candidate_06_6f3e98d530.html","groundnut-farming-course.html"
"candidate_06_6f3e98d530.html","guinea-fowl-farming-course.html"
"candidate_06_6f3e98d530.html","irish-potato-farming-course.html"
"candidate_06_6f3e98d530.html","maize-farming-course.html"
"candidate_06_6f3e98d530.html","mango-citrus-farming-course.html"
"candidate_06_6f3e98d530.html","mushroom-farming-course.html"
"candidate_06_6f3e98d530.html","onion-farming-course.html"
"candidate_06_6f3e98d530.html","ostrich-farming-course.html"
"candidate_06_6f3e98d530.html","potato-farming-course.html"
"candidate_06_6f3e98d530.html","poultry-farming-course.html"
"candidate_06_6f3e98d530.html","quail-farming-course.html"
"candidate_06_6f3e98d530.html","rabbit-farming-course.html"
"candidate_06_6f3e98d530.html","rice-farming-course.html"
"candidate_06_6f3e98d530.html","snail-farming-course.html"
"candidate_06_6f3e98d530.html","sorghum-millet-farming-course.html"
"candidate_06_6f3e98d530.html","soybean-farming-course.html"
"candidate_06_6f3e98d530.html","sunflower-farming-course.html"
"candidate_06_6f3e98d530.html","sweet-potato-farming-course.html"
"candidate_06_6f3e98d530.html","tomato-farming-course.html"
"candidate_06_6f3e98d530.html","turkey-farming-course.html"
"candidate_06_6f3e98d530.html","vegetable-production-course.html"
"candidate_06_6f3e98d530.html","wheat-barley-farming-course.html"
"candidate_06_6f3e98d530.html","yam-farming-course.html"
"candidate_06_6f3e98d530.html","soap-making-course.html"
"candidate_06_6f3e98d530.html","solar-drying-course.html"
"candidate_06_6f3e98d530.html","ai-fundamentals-course.html"
"candidate_06_6f3e98d530.html","arabic-language-course.html"
"candidate_06_6f3e98d530.html","bakery-course.html"
"candidate_06_6f3e98d530.html","beef-farming-course.html"
"candidate_06_6f3e98d530.html","butchery-course.html"
"candidate_06_6f3e98d530.html","cassava-processing-course.html"
"candidate_06_6f3e98d530.html","chinese-language-course.html"
"candidate_06_6f3e98d530.html","cocoa-farming-course.html"
"candidate_06_6f3e98d530.html","cybersecurity-course.html"
"candidate_06_6f3e98d530.html","data-science-course.html"
"candidate_06_6f3e98d530.html","digital-marketing-course.html"
"candidate_06_6f3e98d530.html","drone-fundamentals-course.html"
"candidate_06_6f3e98d530.html","entrepreneurship-course.html"
"candidate_06_6f3e98d530.html","financial-literacy-course.html"
"candidate_06_6f3e98d530.html","hay-making-course.html"
"candidate_06_6f3e98d530.html","healthcare-course.html"
"candidate_06_6f3e98d530.html","iot-course.html"
"candidate_06_6f3e98d530.html","leather-working-course.html"
"candidate_06_6f3e98d530.html","mental-health-course.html"
"candidate_06_6f3e98d530.html","mobile-app-development-course.html"
"candidate_06_6f3e98d530.html","nutrition-food-safety-course.html"
"candidate_06_6f3e98d530.html","project-management-course.html"
"candidate_06_6f3e98d530.html","robotics-basics-course.html"
"candidate_06_6f3e98d530.html","silage-making-course.html"
"candidate_06_6f3e98d530.html","solar-energy-course.html"
"candidate_06_6f3e98d530.html","spanish-language-course.html"
"candidate_06_6f3e98d530.html","supply-chain-course.html"
"candidate_06_6f3e98d530.html","swahili-language-course.html"
"candidate_06_6f3e98d530.html","web-development-course.html"
"candidate_06_6f3e98d530.html","cassava-flour-processing-course.html"
"candidate_06_6f3e98d530.html","cassava-starch-extraction-course.html"
"candidate_06_6f3e98d530.html","cassava-bread-baking-course.html"
"candidate_06_6f3e98d530.html","cassava-chips-crisps-course.html"
"candidate_06_6f3e98d530.html","high-quality-cassava-flour-course.html"
"candidate_06_6f3e98d530.html","cassava-leaves-vegetable-course.html"
"candidate_06_6f3e98d530.html","farm-financial-management-course.html"
"candidate_06_6f3e98d530.html","agricultural-record-keeping-course.html"
"candidate_06_6f3e98d530.html","farm-market-access-pricing-course.html"
"candidate_06_6f3e98d530.html","agricultural-cooperative-formation-course.html"
"candidate_06_6f3e98d530.html","business-plan-development-course.html"
"candidate_06_6f3e98d530.html","farm-labor-management-course.html"
"candidate_06_6f3e98d530.html","drought-resistant-crops-course.html"
"candidate_06_6f3e98d530.html","irrigation-systems-smallholds-course.html"
"candidate_06_6f3e98d530.html","soil-conservation-restoration-course.html"
"candidate_06_6f3e98d530.html","crop-rotation-intercropping-course.html"
"candidate_06_6f3e98d530.html","climate-smart-crop-calendar-course.html"
"candidate_06_6f3e98d530.html","fruit-vegetable-preservation-course.html"
"candidate_06_6f3e98d530.html","honey-processing-packaging-course.html"
"candidate_06_6f3e98d530.html","grain-legume-storage-course.html"
"candidate_06_6f3e98d530.html","tomato-paste-sauce-course.html"
"candidate_06_6f3e98d530.html","fruit-juice-concentrate-course.html"
"candidate_06_6f3e98d530.html","export-standards-certification-course.html"
"candidate_06_6f3e98d530.html","packaging-export-markets-course.html"
"candidate_06_6f3e98d530.html","quality-control-testing-course.html"
"candidate_06_6f3e98d530.html","international-trade-basics-course.html"
"candidate_06_6f3e98d530.html","soil-testing-nutrient-management-course.html"
"candidate_06_6f3e98d530.html","mechanized-equipment-rental-course.html"
"candidate_06_6f3e98d530.html","solar-energy-farms-course.html"
"candidate_06_6f3e98d530.html","chicken-egg-production-intensive-course.html"
"candidate_06_6f3e98d530.html","pig-fattening-operations-course.html"
"candidate_06_6f3e98d530.html","goat-breeding-selection-course.html"
"candidate_06_6f3e98d530.html","fish-fingerling-production-course.html"
"candidate_07_b60eee5b78.html","food-preservation-methods-course.html"
"candidate_07_b60eee5b78.html","dehydration-course.html"
"candidate_07_b60eee5b78.html","smoking-fish-meat-course.html"
"candidate_07_b60eee5b78.html","salting-brining-course.html"
"candidate_07_b60eee5b78.html","pickling-vegetables-course.html"
"candidate_07_b60eee5b78.html","fermentation-course.html"
"candidate_07_b60eee5b78.html","canning-bottling-course.html"
"candidate_07_b60eee5b78.html","sugar-preservation-course.html"
"candidate_07_b60eee5b78.html","oil-preservation-course.html"
"candidate_07_b60eee5b78.html","waxing-fruits-course.html"
"candidate_07_b60eee5b78.html","vacuum-sealing-course.html"
"candidate_07_b60eee5b78.html","freezing-techniques-course.html"
"candidate_07_b60eee5b78.html","modified-atmosphere-course.html"
"candidate_07_b60eee5b78.html","irradiation-basics-course.html"
"candidate_07_b60eee5b78.html","root-cellaring-course.html"
"candidate_07_b60eee5b78.html","cold-storage-design-course.html"
"candidate_07_b60eee5b78.html","grain-storage-course.html"
"candidate_07_b60eee5b78.html","cattle-feed-production-course.html"
"candidate_07_b60eee5b78.html","poultry-feed-production-course.html"
"candidate_07_b60eee5b78.html","pig-sheep-goat-feed-course.html"
"candidate_07_b60eee5b78.html","fish-duck-rabbit-feed-course.html"
"candidate_07_b60eee5b78.html","dog-cat-alternatives-feed-course.html"
"candidate_07_b60eee5b78.html","avocado-farming-course.html"
"candidate_07_b60eee5b78.html","banana-farming-course.html"
"candidate_07_b60eee5b78.html","beans-legumes-farming-course.html"
"candidate_07_b60eee5b78.html","bee-farming-course.html"
"candidate_07_b60eee5b78.html","cassava-farming-course.html"
"candidate_07_b60eee5b78.html","cattle-farming-course.html"
"candidate_07_b60eee5b78.html","cotton-farming-course.html"
"candidate_07_b60eee5b78.html","crocodile-farming-course.html"
"candidate_07_b60eee5b78.html","dairy-production-course.html"
"candidate_07_b60eee5b78.html","duck-farming-course.html"
"candidate_07_b60eee5b78.html","fishing-fish-farming-course.html"
"candidate_07_b60eee5b78.html","forestry-tree-planting-course.html"
"candidate_07_b60eee5b78.html","general-agriculture-course.html"
"candidate_07_b60eee5b78.html","goat-sheep-rearing-course.html"
"candidate_07_b60eee5b78.html","grafting-budding-orchards-course.html"
"candidate_07_b60eee5b78.html","grasscutter-farming-course.html"
"candidate_07_b60eee5b78.html","groundnut-farming-course.html"
"candidate_07_b60eee5b78.html","guinea-fowl-farming-course.html"
"candidate_07_b60eee5b78.html","irish-potato-farming-course.html"
"candidate_07_b60eee5b78.html","maize-farming-course.html"
"candidate_07_b60eee5b78.html","mango-citrus-farming-course.html"
"candidate_07_b60eee5b78.html","mushroom-farming-course.html"
"candidate_07_b60eee5b78.html","onion-farming-course.html"
"candidate_07_b60eee5b78.html","ostrich-farming-course.html"
"candidate_07_b60eee5b78.html","potato-farming-course.html"
"candidate_07_b60eee5b78.html","poultry-farming-course.html"
"candidate_07_b60eee5b78.html","quail-farming-course.html"
"candidate_07_b60eee5b78.html","rabbit-farming-course.html"
"candidate_07_b60eee5b78.html","rice-farming-course.html"
"candidate_07_b60eee5b78.html","snail-farming-course.html"
"candidate_07_b60eee5b78.html","sorghum-millet-farming-course.html"
"candidate_07_b60eee5b78.html","soybean-farming-course.html"
"candidate_07_b60eee5b78.html","sunflower-farming-course.html"
"candidate_07_b60eee5b78.html","sweet-potato-farming-course.html"
"candidate_07_b60eee5b78.html","tomato-farming-course.html"
"candidate_07_b60eee5b78.html","turkey-farming-course.html"
"candidate_07_b60eee5b78.html","vegetable-production-course.html"
"candidate_07_b60eee5b78.html","wheat-barley-farming-course.html"
"candidate_07_b60eee5b78.html","yam-farming-course.html"
"candidate_07_b60eee5b78.html","soap-making-course.html"
"candidate_07_b60eee5b78.html","solar-drying-course.html"
"candidate_07_b60eee5b78.html","ai-fundamentals-course.html"
"candidate_07_b60eee5b78.html","arabic-language-course.html"
"candidate_07_b60eee5b78.html","bakery-lessons.html"
"candidate_07_b60eee5b78.html","beef-farming-course.html"
"candidate_07_b60eee5b78.html","butchery-lessons.html"
"candidate_07_b60eee5b78.html","cassava-processing-course.html"
"candidate_07_b60eee5b78.html","chinese-language-course.html"
"candidate_07_b60eee5b78.html","cocoa-farming-course.html"
"candidate_07_b60eee5b78.html","cybersecurity-course.html"
"candidate_07_b60eee5b78.html","data-science-course.html"
"candidate_07_b60eee5b78.html","digital-marketing-course.html"
"candidate_07_b60eee5b78.html","drone-fundamentals-course.html"
"candidate_07_b60eee5b78.html","entrepreneurship-course.html"
"candidate_07_b60eee5b78.html","financial-literacy-course.html"
"candidate_07_b60eee5b78.html","hay-making-course.html"
"candidate_07_b60eee5b78.html","healthcare-course.html"
"candidate_07_b60eee5b78.html","iot-course.html"
"candidate_07_b60eee5b78.html","leather-working-course.html"
"candidate_07_b60eee5b78.html","mental-health-course.html"
"candidate_07_b60eee5b78.html","mobile-app-development-course.html"
"candidate_07_b60eee5b78.html","nutrition-food-safety-course.html"
"candidate_07_b60eee5b78.html","project-management-course.html"
"candidate_07_b60eee5b78.html","robotics-basics-course.html"
"candidate_07_b60eee5b78.html","silage-making-course.html"
"candidate_07_b60eee5b78.html","solar-energy-course.html"
"candidate_07_b60eee5b78.html","spanish-language-course.html"
"candidate_07_b60eee5b78.html","supply-chain-course.html"
"candidate_07_b60eee5b78.html","swahili-language-course.html"
"candidate_07_b60eee5b78.html","web-development-course.html"
"candidate_07_b60eee5b78.html","cassava-flour-processing-course.html"
"candidate_07_b60eee5b78.html","cassava-starch-extraction-course.html"
"candidate_07_b60eee5b78.html","cassava-bread-baking-course.html"
"candidate_07_b60eee5b78.html","cassava-chips-crisps-course.html"
"candidate_07_b60eee5b78.html","high-quality-cassava-flour-course.html"
"candidate_07_b60eee5b78.html","cassava-leaves-vegetable-course.html"
"candidate_07_b60eee5b78.html","farm-financial-management-course.html"
"candidate_07_b60eee5b78.html","agricultural-record-keeping-course.html"
"candidate_07_b60eee5b78.html","farm-market-access-pricing-course.html"
"candidate_07_b60eee5b78.html","agricultural-cooperative-formation-course.html"
"candidate_07_b60eee5b78.html","business-plan-development-course.html"
"candidate_07_b60eee5b78.html","farm-labor-management-course.html"
"candidate_07_b60eee5b78.html","drought-resistant-crops-course.html"
"candidate_07_b60eee5b78.html","irrigation-systems-smallholds-course.html"
"candidate_07_b60eee5b78.html","soil-conservation-restoration-course.html"
"candidate_07_b60eee5b78.html","crop-rotation-intercropping-course.html"
"candidate_07_b60eee5b78.html","climate-smart-crop-calendar-course.html"
"candidate_07_b60eee5b78.html","fruit-vegetable-preservation-course.html"
"candidate_07_b60eee5b78.html","honey-processing-packaging-course.html"
"candidate_07_b60eee5b78.html","grain-legume-storage-course.html"
"candidate_07_b60eee5b78.html","tomato-paste-sauce-course.html"
"candidate_07_b60eee5b78.html","fruit-juice-concentrate-course.html"
"candidate_07_b60eee5b78.html","export-standards-certification-course.html"
"candidate_07_b60eee5b78.html","packaging-export-markets-course.html"
"candidate_07_b60eee5b78.html","quality-control-testing-course.html"
"candidate_07_b60eee5b78.html","international-trade-basics-course.html"
"candidate_07_b60eee5b78.html","soil-testing-nutrient-management-course.html"
"candidate_07_b60eee5b78.html","mechanized-equipment-rental-course.html"
"candidate_07_b60eee5b78.html","solar-energy-farms-course.html"
"candidate_07_b60eee5b78.html","chicken-egg-production-intensive-course.html"
"candidate_07_b60eee5b78.html","pig-fattening-operations-course.html"
"candidate_07_b60eee5b78.html","goat-breeding-selection-course.html"
"candidate_07_b60eee5b78.html","fish-fingerling-production-course.html"
"candidate_08_956e5d6e2c.html","food-preservation-methods-course.html"
"candidate_08_956e5d6e2c.html","dehydration-course.html"
"candidate_08_956e5d6e2c.html","smoking-fish-meat-course.html"
"candidate_08_956e5d6e2c.html","salting-brining-course.html"
"candidate_08_956e5d6e2c.html","pickling-vegetables-course.html"
"candidate_08_956e5d6e2c.html","fermentation-course.html"
"candidate_08_956e5d6e2c.html","canning-bottling-course.html"
"candidate_08_956e5d6e2c.html","sugar-preservation-course.html"
"candidate_08_956e5d6e2c.html","oil-preservation-course.html"
"candidate_08_956e5d6e2c.html","waxing-fruits-course.html"
"candidate_08_956e5d6e2c.html","vacuum-sealing-course.html"
"candidate_08_956e5d6e2c.html","freezing-techniques-course.html"
"candidate_08_956e5d6e2c.html","modified-atmosphere-course.html"
"candidate_08_956e5d6e2c.html","irradiation-basics-course.html"
"candidate_08_956e5d6e2c.html","root-cellaring-course.html"
"candidate_08_956e5d6e2c.html","cold-storage-design-course.html"
"candidate_08_956e5d6e2c.html","grain-storage-course.html"
"candidate_08_956e5d6e2c.html","cattle-feed-production-course.html"
"candidate_08_956e5d6e2c.html","poultry-feed-production-course.html"
"candidate_08_956e5d6e2c.html","pig-sheep-goat-feed-course.html"
"candidate_08_956e5d6e2c.html","fish-duck-rabbit-feed-course.html"
"candidate_08_956e5d6e2c.html","dog-cat-alternatives-feed-course.html"
"candidate_08_956e5d6e2c.html","avocado-farming-course.html"
"candidate_08_956e5d6e2c.html","banana-farming-course.html"
"candidate_08_956e5d6e2c.html","beans-legumes-farming-course.html"
"candidate_08_956e5d6e2c.html","bee-farming-course.html"
"candidate_08_956e5d6e2c.html","cassava-farming-course.html"
"candidate_08_956e5d6e2c.html","cattle-farming-course.html"
"candidate_08_956e5d6e2c.html","cotton-farming-course.html"
"candidate_08_956e5d6e2c.html","crocodile-farming-course.html"
"candidate_08_956e5d6e2c.html","dairy-production-course.html"
"candidate_08_956e5d6e2c.html","duck-farming-course.html"
"candidate_08_956e5d6e2c.html","fishing-fish-farming-course.html"
"candidate_08_956e5d6e2c.html","forestry-tree-planting-course.html"
"candidate_08_956e5d6e2c.html","general-agriculture-course.html"
"candidate_08_956e5d6e2c.html","goat-sheep-rearing-course.html"
"candidate_08_956e5d6e2c.html","grafting-budding-orchards-course.html"
"candidate_08_956e5d6e2c.html","grasscutter-farming-course.html"
"candidate_08_956e5d6e2c.html","groundnut-farming-course.html"
"candidate_08_956e5d6e2c.html","guinea-fowl-farming-course.html"
"candidate_08_956e5d6e2c.html","irish-potato-farming-course.html"
"candidate_08_956e5d6e2c.html","maize-farming-course.html"
"candidate_08_956e5d6e2c.html","mango-citrus-farming-course.html"
"candidate_08_956e5d6e2c.html","mushroom-farming-course.html"
"candidate_08_956e5d6e2c.html","onion-farming-course.html"
"candidate_08_956e5d6e2c.html","ostrich-farming-course.html"
"candidate_08_956e5d6e2c.html","potato-farming-course.html"
"candidate_08_956e5d6e2c.html","poultry-farming-course.html"
"candidate_08_956e5d6e2c.html","quail-farming-course.html"
"candidate_08_956e5d6e2c.html","rabbit-farming-course.html"
"candidate_08_956e5d6e2c.html","rice-farming-course.html"
"candidate_08_956e5d6e2c.html","snail-farming-course.html"
"candidate_08_956e5d6e2c.html","sorghum-millet-farming-course.html"
"candidate_08_956e5d6e2c.html","soybean-farming-course.html"
"candidate_08_956e5d6e2c.html","sunflower-farming-course.html"
"candidate_08_956e5d6e2c.html","sweet-potato-farming-course.html"
"candidate_08_956e5d6e2c.html","tomato-farming-course.html"
"candidate_08_956e5d6e2c.html","turkey-farming-course.html"
"candidate_08_956e5d6e2c.html","vegetable-production-course.html"
"candidate_08_956e5d6e2c.html","wheat-barley-farming-course.html"
"candidate_08_956e5d6e2c.html","yam-farming-course.html"
"candidate_08_956e5d6e2c.html","soap-making-course.html"
"candidate_08_956e5d6e2c.html","solar-drying-course.html"
"candidate_08_956e5d6e2c.html","ai-fundamentals-course.html"
"candidate_08_956e5d6e2c.html","arabic-language-course.html"
"candidate_08_956e5d6e2c.html","bakery-lessons.html"
"candidate_08_956e5d6e2c.html","beef-farming-course.html"
"candidate_08_956e5d6e2c.html","butchery-lessons.html"
"candidate_08_956e5d6e2c.html","cassava-processing-course.html"
"candidate_08_956e5d6e2c.html","chinese-language-course.html"
"candidate_08_956e5d6e2c.html","cocoa-farming-course.html"
"candidate_08_956e5d6e2c.html","cybersecurity-course.html"
"candidate_08_956e5d6e2c.html","data-science-course.html"
"candidate_08_956e5d6e2c.html","digital-marketing-course.html"
"candidate_08_956e5d6e2c.html","drone-fundamentals-course.html"
"candidate_08_956e5d6e2c.html","entrepreneurship-course.html"
"candidate_08_956e5d6e2c.html","financial-literacy-course.html"
"candidate_08_956e5d6e2c.html","hay-making-course.html"
"candidate_08_956e5d6e2c.html","healthcare-course.html"
"candidate_08_956e5d6e2c.html","iot-course.html"
"candidate_08_956e5d6e2c.html","leather-working-course.html"
"candidate_08_956e5d6e2c.html","mental-health-course.html"
"candidate_08_956e5d6e2c.html","mobile-app-development-course.html"
"candidate_08_956e5d6e2c.html","nutrition-food-safety-course.html"
"candidate_08_956e5d6e2c.html","project-management-course.html"
"candidate_08_956e5d6e2c.html","robotics-basics-course.html"
"candidate_08_956e5d6e2c.html","silage-making-course.html"
"candidate_08_956e5d6e2c.html","solar-energy-course.html"
"candidate_08_956e5d6e2c.html","spanish-language-course.html"
"candidate_08_956e5d6e2c.html","supply-chain-course.html"
"candidate_08_956e5d6e2c.html","swahili-language-course.html"
"candidate_08_956e5d6e2c.html","web-development-course.html"
"candidate_08_956e5d6e2c.html","cassava-flour-processing-course.html"
"candidate_08_956e5d6e2c.html","cassava-starch-extraction-course.html"
"candidate_08_956e5d6e2c.html","cassava-bread-baking-course.html"
"candidate_08_956e5d6e2c.html","cassava-chips-crisps-course.html"
"candidate_08_956e5d6e2c.html","high-quality-cassava-flour-course.html"
"candidate_08_956e5d6e2c.html","cassava-leaves-vegetable-course.html"
"candidate_08_956e5d6e2c.html","farm-financial-management-course.html"
"candidate_08_956e5d6e2c.html","agricultural-record-keeping-course.html"
"candidate_08_956e5d6e2c.html","farm-market-access-pricing-course.html"
"candidate_08_956e5d6e2c.html","agricultural-cooperative-formation-course.html"
"candidate_08_956e5d6e2c.html","business-plan-development-course.html"
"candidate_08_956e5d6e2c.html","farm-labor-management-course.html"
"candidate_08_956e5d6e2c.html","drought-resistant-crops-course.html"
"candidate_08_956e5d6e2c.html","irrigation-systems-smallholds-course.html"
"candidate_08_956e5d6e2c.html","soil-conservation-restoration-course.html"
"candidate_08_956e5d6e2c.html","crop-rotation-intercropping-course.html"
"candidate_08_956e5d6e2c.html","climate-smart-crop-calendar-course.html"
"candidate_08_956e5d6e2c.html","fruit-vegetable-preservation-course.html"
"candidate_08_956e5d6e2c.html","honey-processing-packaging-course.html"
"candidate_08_956e5d6e2c.html","grain-legume-storage-course.html"
"candidate_08_956e5d6e2c.html","tomato-paste-sauce-course.html"
"candidate_08_956e5d6e2c.html","fruit-juice-concentrate-course.html"
"candidate_08_956e5d6e2c.html","export-standards-certification-course.html"
"candidate_08_956e5d6e2c.html","packaging-export-markets-course.html"
"candidate_08_956e5d6e2c.html","quality-control-testing-course.html"
"candidate_08_956e5d6e2c.html","international-trade-basics-course.html"
"candidate_08_956e5d6e2c.html","soil-testing-nutrient-management-course.html"
"candidate_08_956e5d6e2c.html","mechanized-equipment-rental-course.html"
"candidate_08_956e5d6e2c.html","solar-energy-farms-course.html"
"candidate_08_956e5d6e2c.html","chicken-egg-production-intensive-course.html"
"candidate_08_956e5d6e2c.html","pig-fattening-operations-course.html"
"candidate_08_956e5d6e2c.html","goat-breeding-selection-course.html"
"candidate_08_956e5d6e2c.html","fish-fingerling-production-course.html"
"candidate_09_adfd26201c.html","food-preservation-methods-course.html"
"candidate_09_adfd26201c.html","dehydration-course.html"
"candidate_09_adfd26201c.html","smoking-fish-meat-course.html"
"candidate_09_adfd26201c.html","salting-brining-course.html"
"candidate_09_adfd26201c.html","pickling-vegetables-course.html"
"candidate_09_adfd26201c.html","fermentation-course.html"
"candidate_09_adfd26201c.html","canning-bottling-course.html"
"candidate_09_adfd26201c.html","sugar-preservation-course.html"
"candidate_09_adfd26201c.html","oil-preservation-course.html"
"candidate_09_adfd26201c.html","waxing-fruits-course.html"
"candidate_09_adfd26201c.html","vacuum-sealing-course.html"
"candidate_09_adfd26201c.html","freezing-techniques-course.html"
"candidate_09_adfd26201c.html","modified-atmosphere-course.html"
"candidate_09_adfd26201c.html","irradiation-basics-course.html"
"candidate_09_adfd26201c.html","root-cellaring-course.html"
"candidate_09_adfd26201c.html","cold-storage-design-course.html"
"candidate_09_adfd26201c.html","grain-storage-course.html"
"candidate_09_adfd26201c.html","cattle-feed-production-course.html"
"candidate_09_adfd26201c.html","poultry-feed-production-course.html"
"candidate_09_adfd26201c.html","pig-sheep-goat-feed-course.html"
"candidate_09_adfd26201c.html","fish-duck-rabbit-feed-course.html"
"candidate_09_adfd26201c.html","dog-cat-alternatives-feed-course.html"
"candidate_09_adfd26201c.html","avocado-farming-course.html"
"candidate_09_adfd26201c.html","banana-farming-course.html"
"candidate_09_adfd26201c.html","beans-legumes-farming-course.html"
"candidate_09_adfd26201c.html","bee-farming-course.html"
"candidate_09_adfd26201c.html","cassava-farming-course.html"
"candidate_09_adfd26201c.html","cattle-farming-course.html"
"candidate_09_adfd26201c.html","cotton-farming-course.html"
"candidate_09_adfd26201c.html","crocodile-farming-course.html"
"candidate_09_adfd26201c.html","dairy-production-course.html"
"candidate_09_adfd26201c.html","duck-farming-course.html"
"candidate_09_adfd26201c.html","fishing-fish-farming-course.html"
"candidate_09_adfd26201c.html","forestry-tree-planting-course.html"
"candidate_09_adfd26201c.html","general-agriculture-course.html"
"candidate_09_adfd26201c.html","goat-sheep-rearing-course.html"
"candidate_09_adfd26201c.html","grafting-budding-orchards-course.html"
"candidate_09_adfd26201c.html","grasscutter-farming-course.html"
"candidate_09_adfd26201c.html","groundnut-farming-course.html"
"candidate_09_adfd26201c.html","guinea-fowl-farming-course.html"
"candidate_09_adfd26201c.html","irish-potato-farming-course.html"
"candidate_09_adfd26201c.html","maize-farming-course.html"
"candidate_09_adfd26201c.html","mango-citrus-farming-course.html"
"candidate_09_adfd26201c.html","mushroom-farming-course.html"
"candidate_09_adfd26201c.html","onion-farming-course.html"
"candidate_09_adfd26201c.html","ostrich-farming-course.html"
"candidate_09_adfd26201c.html","potato-farming-course.html"
"candidate_09_adfd26201c.html","poultry-farming-course.html"
"candidate_09_adfd26201c.html","quail-farming-course.html"
"candidate_09_adfd26201c.html","rabbit-farming-course.html"
"candidate_09_adfd26201c.html","rice-farming-course.html"
"candidate_09_adfd26201c.html","snail-farming-course.html"
"candidate_09_adfd26201c.html","sorghum-millet-farming-course.html"
"candidate_09_adfd26201c.html","soybean-farming-course.html"
"candidate_09_adfd26201c.html","sunflower-farming-course.html"
"candidate_09_adfd26201c.html","sweet-potato-farming-course.html"
"candidate_09_adfd26201c.html","tomato-farming-course.html"
"candidate_09_adfd26201c.html","turkey-farming-course.html"
"candidate_09_adfd26201c.html","vegetable-production-course.html"
"candidate_09_adfd26201c.html","wheat-barley-farming-course.html"
"candidate_09_adfd26201c.html","yam-farming-course.html"
"candidate_09_adfd26201c.html","soap-making-course.html"
"candidate_09_adfd26201c.html","solar-drying-course.html"
"candidate_09_adfd26201c.html","ai-fundamentals-course.html"
"candidate_09_adfd26201c.html","arabic-language-course.html"
"candidate_09_adfd26201c.html","bakery-lessons.html"
"candidate_09_adfd26201c.html","beef-farming-course.html"
"candidate_09_adfd26201c.html","butchery-lessons.html"
"candidate_09_adfd26201c.html","cassava-processing-course.html"
"candidate_09_adfd26201c.html","chinese-language-course.html"
"candidate_09_adfd26201c.html","cocoa-farming-course.html"
"candidate_09_adfd26201c.html","cybersecurity-course.html"
"candidate_09_adfd26201c.html","data-science-course.html"
"candidate_09_adfd26201c.html","digital-marketing-course.html"
"candidate_09_adfd26201c.html","drone-fundamentals-course.html"
"candidate_09_adfd26201c.html","entrepreneurship-course.html"
"candidate_09_adfd26201c.html","financial-literacy-course.html"
"candidate_09_adfd26201c.html","hay-making-course.html"
"candidate_09_adfd26201c.html","healthcare-course.html"
"candidate_09_adfd26201c.html","iot-course.html"
"candidate_09_adfd26201c.html","leather-working-course.html"
"candidate_09_adfd26201c.html","mental-health-course.html"
"candidate_09_adfd26201c.html","mobile-app-development-course.html"
"candidate_09_adfd26201c.html","nutrition-food-safety-course.html"
"candidate_09_adfd26201c.html","project-management-course.html"
"candidate_09_adfd26201c.html","robotics-basics-course.html"
"candidate_09_adfd26201c.html","silage-making-course.html"
"candidate_09_adfd26201c.html","solar-energy-course.html"
"candidate_09_adfd26201c.html","spanish-language-course.html"
"candidate_09_adfd26201c.html","supply-chain-course.html"
"candidate_09_adfd26201c.html","swahili-language-course.html"
"candidate_09_adfd26201c.html","web-development-course.html"
"candidate_09_adfd26201c.html","cassava-flour-processing-course.html"
"candidate_09_adfd26201c.html","cassava-starch-extraction-course.html"
"candidate_09_adfd26201c.html","cassava-bread-baking-course.html"
"candidate_09_adfd26201c.html","cassava-chips-crisps-course.html"
"candidate_09_adfd26201c.html","high-quality-cassava-flour-course.html"
"candidate_09_adfd26201c.html","cassava-leaves-vegetable-course.html"
"candidate_09_adfd26201c.html","farm-financial-management-course.html"
"candidate_09_adfd26201c.html","agricultural-record-keeping-course.html"
"candidate_09_adfd26201c.html","farm-market-access-pricing-course.html"
"candidate_09_adfd26201c.html","agricultural-cooperative-formation-course.html"
"candidate_09_adfd26201c.html","business-plan-development-course.html"
"candidate_09_adfd26201c.html","farm-labor-management-course.html"
"candidate_09_adfd26201c.html","drought-resistant-crops-course.html"
"candidate_09_adfd26201c.html","irrigation-systems-smallholds-course.html"
"candidate_09_adfd26201c.html","soil-conservation-restoration-course.html"
"candidate_09_adfd26201c.html","crop-rotation-intercropping-course.html"
"candidate_09_adfd26201c.html","climate-smart-crop-calendar-course.html"
"candidate_09_adfd26201c.html","fruit-vegetable-preservation-course.html"
"candidate_09_adfd26201c.html","honey-processing-packaging-course.html"
"candidate_09_adfd26201c.html","grain-legume-storage-course.html"
"candidate_09_adfd26201c.html","tomato-paste-sauce-course.html"
"candidate_09_adfd26201c.html","fruit-juice-concentrate-course.html"
"candidate_09_adfd26201c.html","export-standards-certification-course.html"
"candidate_09_adfd26201c.html","packaging-export-markets-course.html"
"candidate_09_adfd26201c.html","quality-control-testing-course.html"
"candidate_09_adfd26201c.html","international-trade-basics-course.html"
"candidate_09_adfd26201c.html","soil-testing-nutrient-management-course.html"
"candidate_09_adfd26201c.html","mechanized-equipment-rental-course.html"
"candidate_09_adfd26201c.html","solar-energy-farms-course.html"
"candidate_09_adfd26201c.html","chicken-egg-production-intensive-course.html"
"candidate_09_adfd26201c.html","pig-fattening-operations-course.html"
"candidate_09_adfd26201c.html","goat-breeding-selection-course.html"
"candidate_09_adfd26201c.html","fish-fingerling-production-course.html"
"candidate_10_e6f83c62b3.html","food-preservation-methods-course.html"
"candidate_10_e6f83c62b3.html","dehydration-course.html"
"candidate_10_e6f83c62b3.html","smoking-fish-meat-course.html"
"candidate_10_e6f83c62b3.html","salting-brining-course.html"
"candidate_10_e6f83c62b3.html","pickling-vegetables-course.html"
"candidate_10_e6f83c62b3.html","fermentation-course.html"
"candidate_10_e6f83c62b3.html","canning-bottling-course.html"
"candidate_10_e6f83c62b3.html","sugar-preservation-course.html"
"candidate_10_e6f83c62b3.html","oil-preservation-course.html"
"candidate_10_e6f83c62b3.html","waxing-fruits-course.html"
"candidate_10_e6f83c62b3.html","vacuum-sealing-course.html"
"candidate_10_e6f83c62b3.html","freezing-techniques-course.html"
"candidate_10_e6f83c62b3.html","modified-atmosphere-course.html"
"candidate_10_e6f83c62b3.html","irradiation-basics-course.html"
"candidate_10_e6f83c62b3.html","root-cellaring-course.html"
"candidate_10_e6f83c62b3.html","cold-storage-design-course.html"
"candidate_10_e6f83c62b3.html","grain-storage-course.html"
"candidate_10_e6f83c62b3.html","cattle-feed-production-course.html"
"candidate_10_e6f83c62b3.html","poultry-feed-production-course.html"
"candidate_10_e6f83c62b3.html","pig-sheep-goat-feed-course.html"
"candidate_10_e6f83c62b3.html","fish-duck-rabbit-feed-course.html"
"candidate_10_e6f83c62b3.html","dog-cat-alternatives-feed-course.html"
"candidate_10_e6f83c62b3.html","avocado-farming-course.html"
"candidate_10_e6f83c62b3.html","banana-farming-course.html"
"candidate_10_e6f83c62b3.html","beans-legumes-farming-course.html"
"candidate_10_e6f83c62b3.html","bee-farming-course.html"
"candidate_10_e6f83c62b3.html","cassava-farming-course.html"
"candidate_10_e6f83c62b3.html","cattle-farming-course.html"
"candidate_10_e6f83c62b3.html","cotton-farming-course.html"
"candidate_10_e6f83c62b3.html","crocodile-farming-course.html"
"candidate_10_e6f83c62b3.html","dairy-production-course.html"
"candidate_10_e6f83c62b3.html","duck-farming-course.html"
"candidate_10_e6f83c62b3.html","fishing-fish-farming-course.html"
"candidate_10_e6f83c62b3.html","forestry-tree-planting-course.html"
"candidate_10_e6f83c62b3.html","general-agriculture-course.html"
"candidate_10_e6f83c62b3.html","goat-sheep-rearing-course.html"
"candidate_10_e6f83c62b3.html","grafting-budding-orchards-course.html"
"candidate_10_e6f83c62b3.html","grasscutter-farming-course.html"
"candidate_10_e6f83c62b3.html","groundnut-farming-course.html"
"candidate_10_e6f83c62b3.html","guinea-fowl-farming-course.html"
"candidate_10_e6f83c62b3.html","irish-potato-farming-course.html"
"candidate_10_e6f83c62b3.html","maize-farming-course.html"
"candidate_10_e6f83c62b3.html","mango-citrus-farming-course.html"
"candidate_10_e6f83c62b3.html","mushroom-farming-course.html"
"candidate_10_e6f83c62b3.html","onion-farming-course.html"
"candidate_10_e6f83c62b3.html","ostrich-farming-course.html"
"candidate_10_e6f83c62b3.html","potato-farming-course.html"
"candidate_10_e6f83c62b3.html","poultry-farming-course.html"
"candidate_10_e6f83c62b3.html","quail-farming-course.html"
"candidate_10_e6f83c62b3.html","rabbit-farming-course.html"
"candidate_10_e6f83c62b3.html","rice-farming-course.html"
"candidate_10_e6f83c62b3.html","snail-farming-course.html"
"candidate_10_e6f83c62b3.html","sorghum-millet-farming-course.html"
"candidate_10_e6f83c62b3.html","soybean-farming-course.html"
"candidate_10_e6f83c62b3.html","sunflower-farming-course.html"
"candidate_10_e6f83c62b3.html","sweet-potato-farming-course.html"
"candidate_10_e6f83c62b3.html","tomato-farming-course.html"
"candidate_10_e6f83c62b3.html","turkey-farming-course.html"
"candidate_10_e6f83c62b3.html","vegetable-production-course.html"
"candidate_10_e6f83c62b3.html","wheat-barley-farming-course.html"
"candidate_10_e6f83c62b3.html","yam-farming-course.html"
"candidate_10_e6f83c62b3.html","soap-making-course.html"
"candidate_10_e6f83c62b3.html","solar-drying-course.html"
"candidate_10_e6f83c62b3.html","ai-fundamentals-course.html"
"candidate_10_e6f83c62b3.html","arabic-language-course.html"
"candidate_10_e6f83c62b3.html","bakery-lessons.html"
"candidate_10_e6f83c62b3.html","beef-farming-course.html"
"candidate_10_e6f83c62b3.html","butchery-lessons.html"
"candidate_10_e6f83c62b3.html","cassava-processing-course.html"
"candidate_10_e6f83c62b3.html","chinese-language-course.html"
"candidate_10_e6f83c62b3.html","cocoa-farming-course.html"
"candidate_10_e6f83c62b3.html","cybersecurity-course.html"
"candidate_10_e6f83c62b3.html","data-science-course.html"
"candidate_10_e6f83c62b3.html","digital-marketing-course.html"
"candidate_10_e6f83c62b3.html","drone-fundamentals-course.html"
"candidate_10_e6f83c62b3.html","entrepreneurship-course.html"
"candidate_10_e6f83c62b3.html","financial-literacy-course.html"
"candidate_10_e6f83c62b3.html","hay-making-course.html"
"candidate_10_e6f83c62b3.html","healthcare-course.html"
"candidate_10_e6f83c62b3.html","iot-course.html"
"candidate_10_e6f83c62b3.html","leather-working-course.html"
"candidate_10_e6f83c62b3.html","mental-health-course.html"
"candidate_10_e6f83c62b3.html","mobile-app-development-course.html"
"candidate_10_e6f83c62b3.html","nutrition-food-safety-course.html"
"candidate_10_e6f83c62b3.html","project-management-course.html"
"candidate_10_e6f83c62b3.html","robotics-basics-course.html"
"candidate_10_e6f83c62b3.html","silage-making-course.html"
"candidate_10_e6f83c62b3.html","solar-energy-course.html"
"candidate_10_e6f83c62b3.html","spanish-language-course.html"
"candidate_10_e6f83c62b3.html","supply-chain-course.html"
"candidate_10_e6f83c62b3.html","swahili-language-course.html"
"candidate_10_e6f83c62b3.html","web-development-course.html"
"candidate_10_e6f83c62b3.html","cassava-flour-processing-course.html"
"candidate_10_e6f83c62b3.html","cassava-starch-extraction-course.html"
"candidate_10_e6f83c62b3.html","cassava-bread-baking-course.html"
"candidate_10_e6f83c62b3.html","cassava-chips-crisps-course.html"
"candidate_10_e6f83c62b3.html","high-quality-cassava-flour-course.html"
"candidate_10_e6f83c62b3.html","cassava-leaves-vegetable-course.html"
"candidate_10_e6f83c62b3.html","farm-financial-management-course.html"
"candidate_10_e6f83c62b3.html","agricultural-record-keeping-course.html"
"candidate_10_e6f83c62b3.html","farm-market-access-pricing-course.html"
"candidate_10_e6f83c62b3.html","agricultural-cooperative-formation-course.html"
"candidate_10_e6f83c62b3.html","business-plan-development-course.html"
"candidate_10_e6f83c62b3.html","farm-labor-management-course.html"
"candidate_10_e6f83c62b3.html","drought-resistant-crops-course.html"
"candidate_10_e6f83c62b3.html","irrigation-systems-smallholds-course.html"
"candidate_10_e6f83c62b3.html","soil-conservation-restoration-course.html"
"candidate_10_e6f83c62b3.html","crop-rotation-intercropping-course.html"
"candidate_10_e6f83c62b3.html","climate-smart-crop-calendar-course.html"
"candidate_10_e6f83c62b3.html","fruit-vegetable-preservation-course.html"
"candidate_10_e6f83c62b3.html","honey-processing-packaging-course.html"
"candidate_10_e6f83c62b3.html","grain-legume-storage-course.html"
"candidate_10_e6f83c62b3.html","tomato-paste-sauce-course.html"
"candidate_10_e6f83c62b3.html","fruit-juice-concentrate-course.html"
"candidate_10_e6f83c62b3.html","export-standards-certification-course.html"
"candidate_10_e6f83c62b3.html","packaging-export-markets-course.html"
"candidate_10_e6f83c62b3.html","quality-control-testing-course.html"
"candidate_10_e6f83c62b3.html","international-trade-basics-course.html"
"candidate_10_e6f83c62b3.html","soil-testing-nutrient-management-course.html"
"candidate_10_e6f83c62b3.html","mechanized-equipment-rental-course.html"
"candidate_10_e6f83c62b3.html","solar-energy-farms-course.html"
"candidate_10_e6f83c62b3.html","chicken-egg-production-intensive-course.html"
"candidate_10_e6f83c62b3.html","pig-fattening-operations-course.html"
"candidate_10_e6f83c62b3.html","goat-breeding-selection-course.html"
"candidate_10_e6f83c62b3.html","fish-fingerling-production-course.html"
"candidate_11_a475b7c735.html","food-preservation-methods-course.html"
"candidate_11_a475b7c735.html","dehydration-course.html"
"candidate_11_a475b7c735.html","smoking-fish-meat-course.html"
"candidate_11_a475b7c735.html","salting-brining-course.html"
"candidate_11_a475b7c735.html","pickling-vegetables-course.html"
"candidate_11_a475b7c735.html","fermentation-course.html"
"candidate_11_a475b7c735.html","canning-bottling-course.html"
"candidate_11_a475b7c735.html","sugar-preservation-course.html"
"candidate_11_a475b7c735.html","oil-preservation-course.html"
"candidate_11_a475b7c735.html","waxing-fruits-course.html"
"candidate_11_a475b7c735.html","vacuum-sealing-course.html"
"candidate_11_a475b7c735.html","freezing-techniques-course.html"
"candidate_11_a475b7c735.html","modified-atmosphere-course.html"
"candidate_11_a475b7c735.html","irradiation-basics-course.html"
"candidate_11_a475b7c735.html","root-cellaring-course.html"
"candidate_11_a475b7c735.html","cold-storage-design-course.html"
"candidate_11_a475b7c735.html","grain-storage-course.html"
"candidate_11_a475b7c735.html","cattle-feed-production-course.html"
"candidate_11_a475b7c735.html","poultry-feed-production-course.html"
"candidate_11_a475b7c735.html","pig-sheep-goat-feed-course.html"
"candidate_11_a475b7c735.html","fish-duck-rabbit-feed-course.html"
"candidate_11_a475b7c735.html","dog-cat-alternatives-feed-course.html"
"candidate_11_a475b7c735.html","avocado-farming-course.html"
"candidate_11_a475b7c735.html","banana-farming-course.html"
"candidate_11_a475b7c735.html","beans-legumes-farming-course.html"
"candidate_11_a475b7c735.html","bee-farming-course.html"
"candidate_11_a475b7c735.html","cassava-farming-course.html"
"candidate_11_a475b7c735.html","cattle-farming-course.html"
"candidate_11_a475b7c735.html","cotton-farming-course.html"
"candidate_11_a475b7c735.html","crocodile-farming-course.html"
"candidate_11_a475b7c735.html","dairy-production-course.html"
"candidate_11_a475b7c735.html","duck-farming-course.html"
"candidate_11_a475b7c735.html","fishing-fish-farming-course.html"
"candidate_11_a475b7c735.html","forestry-tree-planting-course.html"
"candidate_11_a475b7c735.html","general-agriculture-course.html"
"candidate_11_a475b7c735.html","goat-sheep-rearing-course.html"
"candidate_11_a475b7c735.html","grafting-budding-orchards-course.html"
"candidate_11_a475b7c735.html","grasscutter-farming-course.html"
"candidate_11_a475b7c735.html","groundnut-farming-course.html"
"candidate_11_a475b7c735.html","guinea-fowl-farming-course.html"
"candidate_11_a475b7c735.html","irish-potato-farming-course.html"
"candidate_11_a475b7c735.html","maize-farming-course.html"
"candidate_11_a475b7c735.html","mango-citrus-farming-course.html"
"candidate_11_a475b7c735.html","mushroom-farming-course.html"
"candidate_11_a475b7c735.html","onion-farming-course.html"
"candidate_11_a475b7c735.html","ostrich-farming-course.html"
"candidate_11_a475b7c735.html","potato-farming-course.html"
"candidate_11_a475b7c735.html","poultry-farming-course.html"
"candidate_11_a475b7c735.html","quail-farming-course.html"
"candidate_11_a475b7c735.html","rabbit-farming-course.html"
"candidate_11_a475b7c735.html","rice-farming-course.html"
"candidate_11_a475b7c735.html","snail-farming-course.html"
"candidate_11_a475b7c735.html","sorghum-millet-farming-course.html"
"candidate_11_a475b7c735.html","soybean-farming-course.html"
"candidate_11_a475b7c735.html","sunflower-farming-course.html"
"candidate_11_a475b7c735.html","sweet-potato-farming-course.html"
"candidate_11_a475b7c735.html","tomato-farming-course.html"
"candidate_11_a475b7c735.html","turkey-farming-course.html"
"candidate_11_a475b7c735.html","vegetable-production-course.html"
"candidate_11_a475b7c735.html","wheat-barley-farming-course.html"
"candidate_11_a475b7c735.html","yam-farming-course.html"
"candidate_11_a475b7c735.html","soap-making-course.html"
"candidate_11_a475b7c735.html","solar-drying-course.html"
"candidate_11_a475b7c735.html","ai-fundamentals-course.html"
"candidate_11_a475b7c735.html","arabic-language-course.html"
"candidate_11_a475b7c735.html","bakery-lessons.html"
"candidate_11_a475b7c735.html","beef-farming-course.html"
"candidate_11_a475b7c735.html","butchery-lessons.html"
"candidate_11_a475b7c735.html","cassava-processing-course.html"
"candidate_11_a475b7c735.html","chinese-language-course.html"
"candidate_11_a475b7c735.html","cocoa-farming-course.html"
"candidate_11_a475b7c735.html","cybersecurity-course.html"
"candidate_11_a475b7c735.html","data-science-course.html"
"candidate_11_a475b7c735.html","digital-marketing-course.html"
"candidate_11_a475b7c735.html","drone-fundamentals-course.html"
"candidate_11_a475b7c735.html","entrepreneurship-course.html"
"candidate_11_a475b7c735.html","financial-literacy-course.html"
"candidate_11_a475b7c735.html","hay-making-course.html"
"candidate_11_a475b7c735.html","healthcare-course.html"
"candidate_11_a475b7c735.html","iot-course.html"
"candidate_11_a475b7c735.html","leather-working-course.html"
"candidate_11_a475b7c735.html","mental-health-course.html"
"candidate_11_a475b7c735.html","mobile-app-development-course.html"
"candidate_11_a475b7c735.html","nutrition-food-safety-course.html"
"candidate_11_a475b7c735.html","project-management-course.html"
"candidate_11_a475b7c735.html","robotics-basics-course.html"
"candidate_11_a475b7c735.html","silage-making-course.html"
"candidate_11_a475b7c735.html","solar-energy-course.html"
"candidate_11_a475b7c735.html","spanish-language-course.html"
"candidate_11_a475b7c735.html","supply-chain-course.html"
"candidate_11_a475b7c735.html","swahili-language-course.html"
"candidate_11_a475b7c735.html","web-development-course.html"
"candidate_11_a475b7c735.html","cassava-flour-processing-course.html"
"candidate_11_a475b7c735.html","cassava-starch-extraction-course.html"
"candidate_11_a475b7c735.html","cassava-bread-baking-course.html"
"candidate_11_a475b7c735.html","cassava-chips-crisps-course.html"
"candidate_11_a475b7c735.html","high-quality-cassava-flour-course.html"
"candidate_11_a475b7c735.html","cassava-leaves-vegetable-course.html"
"candidate_11_a475b7c735.html","farm-financial-management-course.html"
"candidate_11_a475b7c735.html","agricultural-record-keeping-course.html"
"candidate_11_a475b7c735.html","farm-market-access-pricing-course.html"
"candidate_11_a475b7c735.html","agricultural-cooperative-formation-course.html"
"candidate_11_a475b7c735.html","business-plan-development-course.html"
"candidate_11_a475b7c735.html","farm-labor-management-course.html"
"candidate_11_a475b7c735.html","drought-resistant-crops-course.html"
"candidate_11_a475b7c735.html","irrigation-systems-smallholds-course.html"
"candidate_11_a475b7c735.html","soil-conservation-restoration-course.html"
"candidate_11_a475b7c735.html","crop-rotation-intercropping-course.html"
"candidate_11_a475b7c735.html","climate-smart-crop-calendar-course.html"
"candidate_11_a475b7c735.html","fruit-vegetable-preservation-course.html"
"candidate_11_a475b7c735.html","honey-processing-packaging-course.html"
"candidate_11_a475b7c735.html","grain-legume-storage-course.html"
"candidate_11_a475b7c735.html","tomato-paste-sauce-course.html"
"candidate_11_a475b7c735.html","fruit-juice-concentrate-course.html"
"candidate_11_a475b7c735.html","export-standards-certification-course.html"
"candidate_11_a475b7c735.html","packaging-export-markets-course.html"
"candidate_11_a475b7c735.html","quality-control-testing-course.html"
"candidate_11_a475b7c735.html","international-trade-basics-course.html"
"candidate_11_a475b7c735.html","soil-testing-nutrient-management-course.html"
"candidate_11_a475b7c735.html","mechanized-equipment-rental-course.html"
"candidate_11_a475b7c735.html","solar-energy-farms-course.html"
"candidate_11_a475b7c735.html","chicken-egg-production-intensive-course.html"
"candidate_11_a475b7c735.html","pig-fattening-operations-course.html"
"candidate_11_a475b7c735.html","goat-breeding-selection-course.html"
"candidate_11_a475b7c735.html","fish-fingerling-production-course.html"
"candidate_12_8d6f5f3a47.html","food-preservation-methods-course.html"
"candidate_12_8d6f5f3a47.html","dehydration-course.html"
"candidate_12_8d6f5f3a47.html","smoking-fish-meat-course.html"
"candidate_12_8d6f5f3a47.html","salting-brining-course.html"
"candidate_12_8d6f5f3a47.html","pickling-vegetables-course.html"
"candidate_12_8d6f5f3a47.html","fermentation-course.html"
"candidate_12_8d6f5f3a47.html","canning-bottling-course.html"
"candidate_12_8d6f5f3a47.html","sugar-preservation-course.html"
"candidate_12_8d6f5f3a47.html","oil-preservation-course.html"
"candidate_12_8d6f5f3a47.html","waxing-fruits-course.html"
"candidate_12_8d6f5f3a47.html","vacuum-sealing-course.html"
"candidate_12_8d6f5f3a47.html","freezing-techniques-course.html"
"candidate_12_8d6f5f3a47.html","modified-atmosphere-course.html"
"candidate_12_8d6f5f3a47.html","irradiation-basics-course.html"
"candidate_12_8d6f5f3a47.html","root-cellaring-course.html"
"candidate_12_8d6f5f3a47.html","cold-storage-design-course.html"
"candidate_12_8d6f5f3a47.html","grain-storage-course.html"
"candidate_12_8d6f5f3a47.html","cattle-feed-production-course.html"
"candidate_12_8d6f5f3a47.html","poultry-feed-production-course.html"
"candidate_12_8d6f5f3a47.html","pig-sheep-goat-feed-course.html"
"candidate_12_8d6f5f3a47.html","fish-duck-rabbit-feed-course.html"
"candidate_12_8d6f5f3a47.html","dog-cat-alternatives-feed-course.html"
"candidate_12_8d6f5f3a47.html","avocado-farming-course.html"
"candidate_12_8d6f5f3a47.html","banana-farming-course.html"
"candidate_12_8d6f5f3a47.html","beans-legumes-farming-course.html"
"candidate_12_8d6f5f3a47.html","bee-farming-course.html"
"candidate_12_8d6f5f3a47.html","cassava-farming-course.html"
"candidate_12_8d6f5f3a47.html","cattle-farming-course.html"
"candidate_12_8d6f5f3a47.html","cotton-farming-course.html"
"candidate_12_8d6f5f3a47.html","crocodile-farming-course.html"
"candidate_12_8d6f5f3a47.html","dairy-production-course.html"
"candidate_12_8d6f5f3a47.html","duck-farming-course.html"
"candidate_12_8d6f5f3a47.html","fishing-fish-farming-course.html"
"candidate_12_8d6f5f3a47.html","forestry-tree-planting-course.html"
"candidate_12_8d6f5f3a47.html","general-agriculture-course.html"
"candidate_12_8d6f5f3a47.html","goat-sheep-rearing-course.html"
"candidate_12_8d6f5f3a47.html","grafting-budding-orchards-course.html"
"candidate_12_8d6f5f3a47.html","grasscutter-farming-course.html"
"candidate_12_8d6f5f3a47.html","groundnut-farming-course.html"
"candidate_12_8d6f5f3a47.html","guinea-fowl-farming-course.html"
"candidate_12_8d6f5f3a47.html","irish-potato-farming-course.html"
"candidate_12_8d6f5f3a47.html","maize-farming-course.html"
"candidate_12_8d6f5f3a47.html","mango-citrus-farming-course.html"
"candidate_12_8d6f5f3a47.html","mushroom-farming-course.html"
"candidate_12_8d6f5f3a47.html","onion-farming-course.html"
"candidate_12_8d6f5f3a47.html","ostrich-farming-course.html"
"candidate_12_8d6f5f3a47.html","potato-farming-course.html"
"candidate_12_8d6f5f3a47.html","poultry-farming-course.html"
"candidate_12_8d6f5f3a47.html","quail-farming-course.html"
"candidate_12_8d6f5f3a47.html","rabbit-farming-course.html"
"candidate_12_8d6f5f3a47.html","rice-farming-course.html"
"candidate_12_8d6f5f3a47.html","snail-farming-course.html"
"candidate_12_8d6f5f3a47.html","sorghum-millet-farming-course.html"
"candidate_12_8d6f5f3a47.html","soybean-farming-course.html"
"candidate_12_8d6f5f3a47.html","sunflower-farming-course.html"
"candidate_12_8d6f5f3a47.html","sweet-potato-farming-course.html"
"candidate_12_8d6f5f3a47.html","tomato-farming-course.html"
"candidate_12_8d6f5f3a47.html","turkey-farming-course.html"
"candidate_12_8d6f5f3a47.html","vegetable-production-course.html"
"candidate_12_8d6f5f3a47.html","wheat-barley-farming-course.html"
"candidate_12_8d6f5f3a47.html","yam-farming-course.html"
"candidate_12_8d6f5f3a47.html","soap-making-course.html"
"candidate_12_8d6f5f3a47.html","solar-drying-course.html"
"candidate_12_8d6f5f3a47.html","ai-fundamentals-course.html"
"candidate_12_8d6f5f3a47.html","arabic-language-course.html"
"candidate_12_8d6f5f3a47.html","bakery-lessons.html"
"candidate_12_8d6f5f3a47.html","beef-farming-course.html"
"candidate_12_8d6f5f3a47.html","butchery-lessons.html"
"candidate_12_8d6f5f3a47.html","cassava-processing-course.html"
"candidate_12_8d6f5f3a47.html","chinese-language-course.html"
"candidate_12_8d6f5f3a47.html","cocoa-farming-course.html"
"candidate_12_8d6f5f3a47.html","cybersecurity-course.html"
"candidate_12_8d6f5f3a47.html","data-science-course.html"
"candidate_12_8d6f5f3a47.html","digital-marketing-course.html"
"candidate_12_8d6f5f3a47.html","drone-fundamentals-course.html"
"candidate_12_8d6f5f3a47.html","entrepreneurship-course.html"
"candidate_12_8d6f5f3a47.html","financial-literacy-course.html"
"candidate_12_8d6f5f3a47.html","hay-making-course.html"
"candidate_12_8d6f5f3a47.html","healthcare-course.html"
"candidate_12_8d6f5f3a47.html","iot-course.html"
"candidate_12_8d6f5f3a47.html","leather-working-course.html"
"candidate_12_8d6f5f3a47.html","mental-health-course.html"
"candidate_12_8d6f5f3a47.html","mobile-app-development-course.html"
"candidate_12_8d6f5f3a47.html","nutrition-food-safety-course.html"
"candidate_12_8d6f5f3a47.html","project-management-course.html"
"candidate_12_8d6f5f3a47.html","robotics-basics-course.html"
"candidate_12_8d6f5f3a47.html","silage-making-course.html"
"candidate_12_8d6f5f3a47.html","solar-energy-course.html"
"candidate_12_8d6f5f3a47.html","spanish-language-course.html"
"candidate_12_8d6f5f3a47.html","supply-chain-course.html"
"candidate_12_8d6f5f3a47.html","swahili-language-course.html"
"candidate_12_8d6f5f3a47.html","web-development-course.html"
"candidate_12_8d6f5f3a47.html","cassava-flour-processing-course.html"
"candidate_12_8d6f5f3a47.html","cassava-starch-extraction-course.html"
"candidate_12_8d6f5f3a47.html","cassava-bread-baking-course.html"
"candidate_12_8d6f5f3a47.html","cassava-chips-crisps-course.html"
"candidate_12_8d6f5f3a47.html","high-quality-cassava-flour-course.html"
"candidate_12_8d6f5f3a47.html","cassava-leaves-vegetable-course.html"
"candidate_12_8d6f5f3a47.html","farm-financial-management-course.html"
"candidate_12_8d6f5f3a47.html","agricultural-record-keeping-course.html"
"candidate_12_8d6f5f3a47.html","farm-market-access-pricing-course.html"
"candidate_12_8d6f5f3a47.html","agricultural-cooperative-formation-course.html"
"candidate_12_8d6f5f3a47.html","business-plan-development-course.html"
"candidate_12_8d6f5f3a47.html","farm-labor-management-course.html"
"candidate_12_8d6f5f3a47.html","drought-resistant-crops-course.html"
"candidate_12_8d6f5f3a47.html","irrigation-systems-smallholds-course.html"
"candidate_12_8d6f5f3a47.html","soil-conservation-restoration-course.html"
"candidate_12_8d6f5f3a47.html","crop-rotation-intercropping-course.html"
"candidate_12_8d6f5f3a47.html","climate-smart-crop-calendar-course.html"
"candidate_12_8d6f5f3a47.html","fruit-vegetable-preservation-course.html"
"candidate_12_8d6f5f3a47.html","honey-processing-packaging-course.html"
"candidate_12_8d6f5f3a47.html","grain-legume-storage-course.html"
"candidate_12_8d6f5f3a47.html","tomato-paste-sauce-course.html"
"candidate_12_8d6f5f3a47.html","fruit-juice-concentrate-course.html"
"candidate_12_8d6f5f3a47.html","export-standards-certification-course.html"
"candidate_12_8d6f5f3a47.html","packaging-export-markets-course.html"
"candidate_12_8d6f5f3a47.html","quality-control-testing-course.html"
"candidate_12_8d6f5f3a47.html","international-trade-basics-course.html"
"candidate_12_8d6f5f3a47.html","soil-testing-nutrient-management-course.html"
"candidate_12_8d6f5f3a47.html","mechanized-equipment-rental-course.html"
"candidate_12_8d6f5f3a47.html","solar-energy-farms-course.html"
"candidate_12_8d6f5f3a47.html","chicken-egg-production-intensive-course.html"
"candidate_12_8d6f5f3a47.html","pig-fattening-operations-course.html"
"candidate_12_8d6f5f3a47.html","goat-breeding-selection-course.html"
"candidate_12_8d6f5f3a47.html","fish-fingerling-production-course.html"
"candidate_13_87d2aebb6c.html","food-preservation-methods-course.html"
"candidate_13_87d2aebb6c.html","dehydration-course.html"
"candidate_13_87d2aebb6c.html","smoking-fish-meat-course.html"
"candidate_13_87d2aebb6c.html","salting-brining-course.html"
"candidate_13_87d2aebb6c.html","pickling-vegetables-course.html"
"candidate_13_87d2aebb6c.html","fermentation-course.html"
"candidate_13_87d2aebb6c.html","canning-bottling-course.html"
"candidate_13_87d2aebb6c.html","sugar-preservation-course.html"
"candidate_13_87d2aebb6c.html","oil-preservation-course.html"
"candidate_13_87d2aebb6c.html","waxing-fruits-course.html"
"candidate_13_87d2aebb6c.html","vacuum-sealing-course.html"
"candidate_13_87d2aebb6c.html","freezing-techniques-course.html"
"candidate_13_87d2aebb6c.html","modified-atmosphere-course.html"
"candidate_13_87d2aebb6c.html","irradiation-basics-course.html"
"candidate_13_87d2aebb6c.html","root-cellaring-course.html"
"candidate_13_87d2aebb6c.html","cold-storage-design-course.html"
"candidate_13_87d2aebb6c.html","grain-storage-course.html"
"candidate_13_87d2aebb6c.html","cattle-feed-production-course.html"
"candidate_13_87d2aebb6c.html","poultry-feed-production-course.html"
"candidate_13_87d2aebb6c.html","pig-sheep-goat-feed-course.html"
"candidate_13_87d2aebb6c.html","fish-duck-rabbit-feed-course.html"
"candidate_13_87d2aebb6c.html","dog-cat-alternatives-feed-course.html"
"candidate_13_87d2aebb6c.html","avocado-farming-course.html"
"candidate_13_87d2aebb6c.html","banana-farming-course.html"
"candidate_13_87d2aebb6c.html","beans-legumes-farming-course.html"
"candidate_13_87d2aebb6c.html","bee-farming-course.html"
"candidate_13_87d2aebb6c.html","cassava-farming-course.html"
"candidate_13_87d2aebb6c.html","cattle-farming-course.html"
"candidate_13_87d2aebb6c.html","cotton-farming-course.html"
"candidate_13_87d2aebb6c.html","crocodile-farming-course.html"
"candidate_13_87d2aebb6c.html","dairy-production-course.html"
"candidate_13_87d2aebb6c.html","duck-farming-course.html"
"candidate_13_87d2aebb6c.html","fishing-fish-farming-course.html"
"candidate_13_87d2aebb6c.html","forestry-tree-planting-course.html"
"candidate_13_87d2aebb6c.html","general-agriculture-course.html"
"candidate_13_87d2aebb6c.html","goat-sheep-rearing-course.html"
"candidate_13_87d2aebb6c.html","grafting-budding-orchards-course.html"
"candidate_13_87d2aebb6c.html","grasscutter-farming-course.html"
"candidate_13_87d2aebb6c.html","groundnut-farming-course.html"
"candidate_13_87d2aebb6c.html","guinea-fowl-farming-course.html"
"candidate_13_87d2aebb6c.html","irish-potato-farming-course.html"
"candidate_13_87d2aebb6c.html","maize-farming-course.html"
"candidate_13_87d2aebb6c.html","mango-citrus-farming-course.html"
"candidate_13_87d2aebb6c.html","mushroom-farming-course.html"
"candidate_13_87d2aebb6c.html","onion-farming-course.html"
"candidate_13_87d2aebb6c.html","ostrich-farming-course.html"
"candidate_13_87d2aebb6c.html","potato-farming-course.html"
"candidate_13_87d2aebb6c.html","poultry-farming-course.html"
"candidate_13_87d2aebb6c.html","quail-farming-course.html"
"candidate_13_87d2aebb6c.html","rabbit-farming-course.html"
"candidate_13_87d2aebb6c.html","rice-farming-course.html"
"candidate_13_87d2aebb6c.html","snail-farming-course.html"
"candidate_13_87d2aebb6c.html","sorghum-millet-farming-course.html"
"candidate_13_87d2aebb6c.html","soybean-farming-course.html"
"candidate_13_87d2aebb6c.html","sunflower-farming-course.html"
"candidate_13_87d2aebb6c.html","sweet-potato-farming-course.html"
"candidate_13_87d2aebb6c.html","tomato-farming-course.html"
"candidate_13_87d2aebb6c.html","turkey-farming-course.html"
"candidate_13_87d2aebb6c.html","vegetable-production-course.html"
"candidate_13_87d2aebb6c.html","wheat-barley-farming-course.html"
"candidate_13_87d2aebb6c.html","yam-farming-course.html"
"candidate_13_87d2aebb6c.html","soap-making-course.html"
"candidate_13_87d2aebb6c.html","solar-drying-course.html"
"candidate_13_87d2aebb6c.html","ai-fundamentals-course.html"
"candidate_13_87d2aebb6c.html","arabic-language-course.html"
"candidate_13_87d2aebb6c.html","bakery-lessons.html"
"candidate_13_87d2aebb6c.html","beef-farming-course.html"
"candidate_13_87d2aebb6c.html","butchery-lessons.html"
"candidate_13_87d2aebb6c.html","cassava-processing-course.html"
"candidate_13_87d2aebb6c.html","chinese-language-course.html"
"candidate_13_87d2aebb6c.html","cocoa-farming-course.html"
"candidate_13_87d2aebb6c.html","cybersecurity-course.html"
"candidate_13_87d2aebb6c.html","data-science-course.html"
"candidate_13_87d2aebb6c.html","digital-marketing-course.html"
"candidate_13_87d2aebb6c.html","drone-fundamentals-course.html"
"candidate_13_87d2aebb6c.html","entrepreneurship-course.html"
"candidate_13_87d2aebb6c.html","financial-literacy-course.html"
"candidate_13_87d2aebb6c.html","hay-making-course.html"
"candidate_13_87d2aebb6c.html","healthcare-course.html"
"candidate_13_87d2aebb6c.html","iot-course.html"
"candidate_13_87d2aebb6c.html","leather-working-course.html"
"candidate_13_87d2aebb6c.html","mental-health-course.html"
"candidate_13_87d2aebb6c.html","mobile-app-development-course.html"
"candidate_13_87d2aebb6c.html","nutrition-food-safety-course.html"
"candidate_13_87d2aebb6c.html","project-management-course.html"
"candidate_13_87d2aebb6c.html","robotics-basics-course.html"
"candidate_13_87d2aebb6c.html","silage-making-course.html"
"candidate_13_87d2aebb6c.html","solar-energy-course.html"
"candidate_13_87d2aebb6c.html","spanish-language-course.html"
"candidate_13_87d2aebb6c.html","supply-chain-course.html"
"candidate_13_87d2aebb6c.html","swahili-language-course.html"
"candidate_13_87d2aebb6c.html","web-development-course.html"
"candidate_13_87d2aebb6c.html","cassava-flour-processing-course.html"
"candidate_13_87d2aebb6c.html","cassava-starch-extraction-course.html"
"candidate_13_87d2aebb6c.html","cassava-bread-baking-course.html"
"candidate_13_87d2aebb6c.html","cassava-chips-crisps-course.html"
"candidate_13_87d2aebb6c.html","high-quality-cassava-flour-course.html"
"candidate_13_87d2aebb6c.html","cassava-leaves-vegetable-course.html"
"candidate_13_87d2aebb6c.html","farm-financial-management-course.html"
"candidate_13_87d2aebb6c.html","agricultural-record-keeping-course.html"
"candidate_13_87d2aebb6c.html","farm-market-access-pricing-course.html"
"candidate_13_87d2aebb6c.html","agricultural-cooperative-formation-course.html"
"candidate_13_87d2aebb6c.html","business-plan-development-course.html"
"candidate_13_87d2aebb6c.html","farm-labor-management-course.html"
"candidate_13_87d2aebb6c.html","drought-resistant-crops-course.html"
"candidate_13_87d2aebb6c.html","irrigation-systems-smallholds-course.html"
"candidate_13_87d2aebb6c.html","soil-conservation-restoration-course.html"
"candidate_13_87d2aebb6c.html","crop-rotation-intercropping-course.html"
"candidate_13_87d2aebb6c.html","climate-smart-crop-calendar-course.html"
"candidate_13_87d2aebb6c.html","fruit-vegetable-preservation-course.html"
"candidate_13_87d2aebb6c.html","honey-processing-packaging-course.html"
"candidate_13_87d2aebb6c.html","grain-legume-storage-course.html"
"candidate_13_87d2aebb6c.html","tomato-paste-sauce-course.html"
"candidate_13_87d2aebb6c.html","fruit-juice-concentrate-course.html"
"candidate_13_87d2aebb6c.html","export-standards-certification-course.html"
"candidate_13_87d2aebb6c.html","packaging-export-markets-course.html"
"candidate_13_87d2aebb6c.html","quality-control-testing-course.html"
"candidate_13_87d2aebb6c.html","international-trade-basics-course.html"
"candidate_13_87d2aebb6c.html","soil-testing-nutrient-management-course.html"
"candidate_13_87d2aebb6c.html","mechanized-equipment-rental-course.html"
"candidate_13_87d2aebb6c.html","solar-energy-farms-course.html"
"candidate_13_87d2aebb6c.html","chicken-egg-production-intensive-course.html"
"candidate_13_87d2aebb6c.html","pig-fattening-operations-course.html"
"candidate_13_87d2aebb6c.html","goat-breeding-selection-course.html"
"candidate_13_87d2aebb6c.html","fish-fingerling-production-course.html"
"candidate_14_574b84d170.html","food-preservation-methods-course.html"
"candidate_14_574b84d170.html","dehydration-course.html"
"candidate_14_574b84d170.html","smoking-fish-meat-course.html"
"candidate_14_574b84d170.html","salting-brining-course.html"
"candidate_14_574b84d170.html","pickling-vegetables-course.html"
"candidate_14_574b84d170.html","fermentation-course.html"
"candidate_14_574b84d170.html","canning-bottling-course.html"
"candidate_14_574b84d170.html","sugar-preservation-course.html"
"candidate_14_574b84d170.html","oil-preservation-course.html"
"candidate_14_574b84d170.html","waxing-fruits-course.html"
"candidate_14_574b84d170.html","vacuum-sealing-course.html"
"candidate_14_574b84d170.html","freezing-techniques-course.html"
"candidate_14_574b84d170.html","modified-atmosphere-course.html"
"candidate_14_574b84d170.html","irradiation-basics-course.html"
"candidate_14_574b84d170.html","root-cellaring-course.html"
"candidate_14_574b84d170.html","cold-storage-design-course.html"
"candidate_14_574b84d170.html","grain-storage-course.html"
"candidate_14_574b84d170.html","hay-making-course.html"
"candidate_14_574b84d170.html","silage-making-course.html"
"candidate_14_574b84d170.html","nutrition-food-safety-course.html"
"candidate_14_574b84d170.html","healthcare-course.html"
"candidate_14_574b84d170.html","mental-health-course.html"
"candidate_14_574b84d170.html","solar-energy-course.html"
"candidate_14_574b84d170.html","ai-fundamentals-course.html"
"candidate_14_574b84d170.html","web-development-course.html"
"candidate_14_574b84d170.html","mobile-app-development-course.html"
"candidate_14_574b84d170.html","data-science-course.html"
"candidate_14_574b84d170.html","cybersecurity-course.html"
"candidate_14_574b84d170.html","iot-course.html"
"candidate_14_574b84d170.html","robotics-basics-course.html"
"candidate_14_574b84d170.html","drone-fundamentals-course.html"
"candidate_14_574b84d170.html","digital-marketing-course.html"
"candidate_14_574b84d170.html","entrepreneurship-course.html"
"candidate_14_574b84d170.html","financial-literacy-course.html"
"candidate_14_574b84d170.html","project-management-course.html"
"candidate_14_574b84d170.html","supply-chain-course.html"
"candidate_14_574b84d170.html","bakery-course.html"
"candidate_14_574b84d170.html","butchery-course.html"
"candidate_14_574b84d170.html","cassava-processing-course.html"
"candidate_14_574b84d170.html","cocoa-farming-course.html"
"candidate_14_574b84d170.html","leather-working-course.html"
"candidate_14_574b84d170.html","swahili-language-course.html"
"candidate_14_574b84d170.html","arabic-language-course.html"
"candidate_14_574b84d170.html","chinese-language-course.html"
"candidate_14_574b84d170.html","spanish-language-course.html"
"candidate_14_574b84d170.html","russian-language-course.html"
"candidate_14_574b84d170.html","pig-farming-course.html"
"candidate_14_574b84d170.html","animal-feed-making-course.html"
"candidate_14_574b84d170.html","avocado-farming-course.html"
"candidate_14_574b84d170.html","banana-farming-course.html"
"candidate_14_574b84d170.html","beans-legumes-farming-course.html"
"candidate_14_574b84d170.html","bee-farming-course.html"
"candidate_14_574b84d170.html","cassava-farming-course.html"
"candidate_14_574b84d170.html","cattle-farming-course.html"
"candidate_14_574b84d170.html","cotton-farming-course.html"
"candidate_14_574b84d170.html","crocodile-farming-course.html"
"candidate_14_574b84d170.html","dairy-production-course.html"
"candidate_14_574b84d170.html","duck-farming-course.html"
"candidate_14_574b84d170.html","fishing-fish-farming-course.html"
"candidate_14_574b84d170.html","forestry-tree-planting-course.html"
"candidate_14_574b84d170.html","general-agriculture-course.html"
"candidate_14_574b84d170.html","goat-sheep-rearing-course.html"
"candidate_14_574b84d170.html","grafting-budding-orchards-course.html"
"candidate_14_574b84d170.html","grasscutter-farming-course.html"
"candidate_14_574b84d170.html","groundnut-farming-course.html"
"candidate_14_574b84d170.html","guinea-fowl-farming-course.html"
"candidate_14_574b84d170.html","irish-potato-farming-course.html"
"candidate_14_574b84d170.html","maize-farming-course.html"
"candidate_14_574b84d170.html","mango-citrus-farming-course.html"
"candidate_14_574b84d170.html","mushroom-farming-course.html"
"candidate_14_574b84d170.html","onion-farming-course.html"
"candidate_14_574b84d170.html","ostrich-farming-course.html"
"candidate_14_574b84d170.html","potato-farming-course.html"
"candidate_14_574b84d170.html","poultry-farming-course.html"
"candidate_14_574b84d170.html","quail-farming-course.html"
"candidate_14_574b84d170.html","rabbit-farming-course.html"
"candidate_14_574b84d170.html","rice-farming-course.html"
"candidate_14_574b84d170.html","snail-farming-course.html"
"candidate_14_574b84d170.html","sorghum-millet-farming-course.html"
"candidate_14_574b84d170.html","soybean-farming-course.html"
"candidate_14_574b84d170.html","sunflower-farming-course.html"
"candidate_14_574b84d170.html","sweet-potato-farming-course.html"
"candidate_14_574b84d170.html","tomato-farming-course.html"
"candidate_14_574b84d170.html","turkey-farming-course.html"
"candidate_14_574b84d170.html","vegetable-production-course.html"
"candidate_14_574b84d170.html","wheat-barley-farming-course.html"
"candidate_14_574b84d170.html","yam-farming-course.html"
"candidate_14_574b84d170.html","solar-drying-course.html"
"animal-feed-making-course.html","auth-system.js"
"animal-feed-making-course.html","enrollment-system.js"
"animal-feed-making-course.html","course-protection.js"
"avocado-farming-course.html","auth-system.js"
"avocado-farming-course.html","enrollment-system.js"
"avocado-farming-course.html","course-protection.js"
"banana-farming-course.html","auth-system.js"
"banana-farming-course.html","enrollment-system.js"
"banana-farming-course.html","course-protection.js"
"beans-legumes-farming-course.html","auth-system.js"
"beans-legumes-farming-course.html","enrollment-system.js"
"beans-legumes-farming-course.html","course-protection.js"
"beef-farming-course.html","auth-system.js"
"beef-farming-course.html","enrollment-system.js"
"beef-farming-course.html","course-protection.js"
"charcoal-types-course-lessons.html","style.css"
"charcoal-types-course-lessons.html","charcoal-types-course-module-1.html"
"charcoal-types-course-lessons.html","charcoal-types-course-module-2.html"
"charcoal-types-course-lessons.html","charcoal-types-course-module-3.html"
"charcoal-types-course-lessons.html","charcoal-types-course-module-4.html"
"charcoal-types-course-lessons.html","charcoal-types-course-module-5.html"
"charcoal-types-course-lessons.html","charcoal-types-course-module-6.html"
"charcoal-types-course-lessons.html","charcoal-types-course-module-7.html"
"charcoal-types-course-lessons.html","charcoal-types-course-module-8.html"
"charcoal-types-course-lessons.html","charcoal-types-course-module-9.html"
"charcoal-types-course-lessons.html","charcoal-types-course-module-10.html"
"charcoal-types-course-lessons.html","charcoal-types-course-module-11.html"
"charcoal-types-course-lessons.html","charcoal-types-course-module-12.html"
"cotton-farming-course.html","auth-system.js"
"cotton-farming-course.html","enrollment-system.js"
"cotton-farming-course.html","course-protection.js"
"groundnut-farming-course.html","auth-system.js"
"groundnut-farming-course.html","enrollment-system.js"
"groundnut-farming-course.html","course-protection.js"
"irish-potato-farming-course.html","auth-system.js"
"irish-potato-farming-course.html","enrollment-system.js"
"irish-potato-farming-course.html","course-protection.js"
"jam-making-lessons.html","style.css"
"maize-farming-course.html","auth-system.js"
"maize-farming-course.html","enrollment-system.js"
"maize-farming-course.html","course-protection.js"
"mango-citrus-farming-course.html","auth-system.js"
"mango-citrus-farming-course.html","enrollment-system.js"
"mango-citrus-farming-course.html","course-protection.js"
"onion-farming-course.html","auth-system.js"
"onion-farming-course.html","enrollment-system.js"
"onion-farming-course.html","course-protection.js"
"potato-farming-course.html","auth-system.js"
"potato-farming-course.html","enrollment-system.js"
"potato-farming-course.html","course-protection.js"
"rice-farming-course.html","auth-system.js"
"rice-farming-course.html","enrollment-system.js"
"rice-farming-course.html","course-protection.js"
"soap-making-lessons.html","style.css"
"soap-making-lessons.html","soap-making-module-7.html"
"soap-making-lessons.html","soap-making-module-8.html"
"soap-making-lessons.html","soap-making-module-9.html"
"soap-making-lessons.html","soap-making-module-10.html"
"soap-making-lessons.html","soap-making-module-11.html"
"soap-making-lessons.html","soap-making-module-12.html"
"soap-making-module-6.html","soap-making-module-7.html"
"solar-drying-course.html","auth-system.js"
"solar-drying-course.html","enrollment-system.js"
"solar-drying-course.html","course-protection.js"
"sorghum-millet-farming-course.html","auth-system.js"
"sorghum-millet-farming-course.html","enrollment-system.js"
"sorghum-millet-farming-course.html","course-protection.js"
"soybean-farming-course.html","auth-system.js"
"soybean-farming-course.html","enrollment-system.js"
"soybean-farming-course.html","course-protection.js"
"sunflower-farming-course.html","auth-system.js"
"sunflower-farming-course.html","enrollment-system.js"
"sunflower-farming-course.html","course-protection.js"
"sweet-potato-farming-course.html","auth-system.js"
"sweet-potato-farming-course.html","enrollment-system.js"
"sweet-potato-farming-course.html","course-protection.js"
"tomato-farming-course.html","auth-system.js"
"tomato-farming-course.html","enrollment-system.js"
"tomato-farming-course.html","course-protection.js"
"vegetable-production-course.html","auth-system.js"
"vegetable-production-course.html","enrollment-system.js"
"vegetable-production-course.html","course-protection.js"
"wheat-barley-farming-course.html","auth-system.js"
"wheat-barley-farming-course.html","enrollment-system.js"
"wheat-barley-farming-course.html","course-protection.js"
"yam-farming-course.html","auth-system.js"
"yam-farming-course.html","enrollment-system.js"
"yam-farming-course.html","course-protection.js"
